2025-09-18 13:53:35,893 - main_window - INFO - 界面初始化完成
2025-09-18 13:53:52,286 - main_window - INFO - 添加图片: Image0.jpg
2025-09-18 13:53:52,287 - main_window - INFO - 添加图片: Image1.jpg
2025-09-18 13:53:52,287 - main_window - INFO - 添加图片: Image2.jpg
2025-09-18 13:53:52,287 - main_window - INFO - 添加图片: Image3.jpg
2025-09-18 13:53:52,287 - main_window - INFO - 添加图片: Image4.jpg
2025-09-18 13:53:52,287 - main_window - INFO - 添加图片: Image5.jpg
2025-09-18 13:53:52,287 - main_window - INFO - 添加图片: Image6.jpg
2025-09-18 13:53:52,288 - main_window - INFO - 添加图片: Image7.jpg
2025-09-18 13:53:52,288 - main_window - INFO - 添加图片: Image8.jpg
2025-09-18 13:53:52,288 - main_window - INFO - 添加图片: Image9.jpg
2025-09-18 13:53:52,288 - main_window - INFO - 添加图片: Image10.jpg
2025-09-18 13:53:52,289 - main_window - INFO - 添加图片: Image11.jpg
2025-09-18 13:53:52,289 - main_window - INFO - 添加图片: Image12.jpg
2025-09-18 13:53:52,289 - main_window - INFO - 添加图片: Image13.jpg
2025-09-18 13:53:52,289 - main_window - INFO - 添加图片: Image14.jpg
2025-09-18 13:53:59,865 - main_window - INFO - 添加图片: Image9.jpg
2025-09-18 13:53:59,865 - main_window - INFO - 添加图片: Image10.jpg
2025-09-18 13:54:04,561 - main_window - INFO - 添加图片: Image0.jpg
2025-09-18 13:54:04,562 - main_window - INFO - 添加图片: Image1.jpg
2025-09-18 13:54:04,562 - main_window - INFO - 添加图片: Image2.jpg
2025-09-18 13:54:04,562 - main_window - INFO - 添加图片: Image3.jpg
2025-09-18 13:54:04,562 - main_window - INFO - 添加图片: Image4.jpg
2025-09-18 13:54:04,562 - main_window - INFO - 添加图片: Image5.jpg
2025-09-18 13:54:04,563 - main_window - INFO - 添加图片: Image6.jpg
2025-09-18 13:54:04,563 - main_window - INFO - 添加图片: Image7.jpg
2025-09-18 13:54:04,563 - main_window - INFO - 添加图片: Image8.jpg
2025-09-18 13:54:04,563 - main_window - INFO - 添加图片: Image11.jpg
2025-09-18 13:54:04,563 - main_window - INFO - 添加图片: Image12.jpg
2025-09-18 13:54:04,563 - main_window - INFO - 添加图片: Image13.jpg
2025-09-18 13:54:04,563 - main_window - INFO - 添加图片: Image14.jpg
2025-09-18 13:54:07,469 - paramiko.transport - INFO - Connected (version 2.0, client OpenSSH_8.2p1)
2025-09-18 13:54:07,533 - paramiko.transport - INFO - Authentication (publickey) failed.
2025-09-18 13:54:07,547 - paramiko.transport - INFO - Authentication (password) successful!
2025-09-18 13:54:07,707 - paramiko.transport.sftp - INFO - [chan 0] Opened sftp connection (server version 3)
2025-09-18 13:54:07,707 - utils.ssh_client - INFO - 成功连接到服务器
2025-09-18 13:54:07,708 - utils.ssh_client - INFO - 目标远程文件夹路径: /home/sstl/Disk1/data/silicon/codes/api/upload/20250918_135407_96be2ec0
2025-09-18 13:54:07,711 - utils.ssh_client - INFO - 成功创建远程文件夹: /home/sstl/Disk1/data/silicon/codes/api/upload/20250918_135407_96be2ec0
2025-09-18 13:54:07,711 - utils.ssh_client - INFO - 正在检查本地文件夹: C:\Users\ADMINI~1\AppData\Local\Temp\tmp5ibfn9tw
2025-09-18 13:54:07,712 - utils.ssh_client - INFO - 文件夹是否存在: True
2025-09-18 13:54:07,712 - utils.ssh_client - INFO - 是否为目录: True
2025-09-18 13:54:07,712 - utils.ssh_client - INFO - 在 C:\Users\ADMINI~1\AppData\Local\Temp\tmp5ibfn9tw 中找到 15 个项目，准备开始传输...
2025-09-18 13:54:07,798 - utils.ssh_client - INFO - 传输完成！共 15 个文件成功上传到 /home/sstl/Disk1/data/silicon/codes/api/upload/20250918_135407_96be2ec0
2025-09-18 13:54:11,192 - utils.ssh_client - INFO - 远程处理命令输出: 开始处理 process_id: 20250918_135407_96be2ec0, 文件夹: /home/sstl/Disk1/data/silicon/codes/api/upload/20250918_135407_96be2ec0
正在加载预训练模型...
load model: /home/sstl/Disk1/data/silicon/models/predgru/checkpoints-ontonet-3-weighted+sobel/model-best-2894.ckpt
正在从 /home/sstl/Disk1/data/silicon/codes/api/upload/20250918_135407_96be2ec0 加载图片数据...
找到 15 张图片
生成了 1 个序列（每个序列15帧）
正在进行预测...
预测完成，结果已保存到: output/20250918_135407_96be2ec0/prediction.jpg
✅ 预测成功!
处理ID: 20250918_135407_96be2ec0
预测结果保存路径: output/20250918_135407_96be2ec0/prediction.jpg
2025-09-18 13:54:11,243 - utils.ssh_client - INFO - 远程结果文件已生成: /home/sstl/Disk1/data/silicon/codes/api/output/20250918_135407_96be2ec0/prediction.jpg
2025-09-18 13:54:11,244 - utils.ssh_client - INFO - 准备下载文件: /home/sstl/Disk1/data/silicon/codes/api/output/20250918_135407_96be2ec0/prediction.jpg -> ../download\20250918_135407_96be2ec0\prediction.jpg
2025-09-18 13:54:11,298 - utils.ssh_client - INFO - 成功下载结果文件: ../download\20250918_135407_96be2ec0\prediction.jpg
2025-09-18 13:54:11,298 - paramiko.transport.sftp - INFO - [chan 0] sftp session closed.
2025-09-18 14:05:24,212 - main_window - INFO - 界面初始化完成
2025-09-18 14:05:24,212 - main_window - INFO - 日志系统初始化完成，SSH客户端日志将显示在界面上
2025-09-18 14:05:39,248 - main_window - INFO - 应用程序关闭
2025-09-18 14:05:41,064 - main_window - INFO - 界面初始化完成
2025-09-18 14:05:41,064 - main_window - INFO - 日志系统初始化完成
2025-09-18 14:05:44,478 - main_window - INFO - 添加图片: Image0.jpg
2025-09-18 14:05:44,479 - main_window - INFO - 添加图片: Image1.jpg
2025-09-18 14:05:44,479 - main_window - INFO - 添加图片: Image2.jpg
2025-09-18 14:05:44,479 - main_window - INFO - 添加图片: Image3.jpg
2025-09-18 14:05:44,480 - main_window - INFO - 添加图片: Image4.jpg
2025-09-18 14:05:44,480 - main_window - INFO - 添加图片: Image5.jpg
2025-09-18 14:05:44,480 - main_window - INFO - 添加图片: Image6.jpg
2025-09-18 14:05:44,480 - main_window - INFO - 添加图片: Image7.jpg
2025-09-18 14:05:44,481 - main_window - INFO - 添加图片: Image8.jpg
2025-09-18 14:05:44,481 - main_window - INFO - 添加图片: Image9.jpg
2025-09-18 14:05:44,482 - main_window - INFO - 添加图片: Image10.jpg
2025-09-18 14:05:44,482 - main_window - INFO - 添加图片: Image11.jpg
2025-09-18 14:05:44,482 - main_window - INFO - 添加图片: Image12.jpg
2025-09-18 14:05:44,483 - main_window - INFO - 添加图片: Image13.jpg
2025-09-18 14:05:44,483 - main_window - INFO - 添加图片: Image14.jpg
2025-09-18 14:05:46,438 - paramiko.transport - INFO - Connected (version 2.0, client OpenSSH_8.2p1)
2025-09-18 14:05:46,502 - paramiko.transport - INFO - Authentication (publickey) failed.
2025-09-18 14:05:46,528 - paramiko.transport - INFO - Authentication (password) successful!
2025-09-18 14:05:46,681 - paramiko.transport.sftp - INFO - [chan 0] Opened sftp connection (server version 3)
2025-09-18 14:05:46,682 - utils.ssh_client - INFO - 成功连接到服务器
2025-09-18 14:05:46,683 - utils.ssh_client - INFO - 目标远程文件夹路径: /home/sstl/Disk1/data/silicon/codes/api/upload/20250918_140546_e56d3dc8
2025-09-18 14:05:46,684 - utils.ssh_client - INFO - 成功创建远程文件夹: /home/sstl/Disk1/data/silicon/codes/api/upload/20250918_140546_e56d3dc8
2025-09-18 14:05:46,684 - utils.ssh_client - INFO - 正在检查本地文件夹: C:\Users\ADMINI~1\AppData\Local\Temp\tmptsjlskby
2025-09-18 14:05:46,685 - utils.ssh_client - INFO - 文件夹是否存在: True
2025-09-18 14:05:46,685 - utils.ssh_client - INFO - 是否为目录: True
2025-09-18 14:05:46,686 - utils.ssh_client - INFO - 在 C:\Users\ADMINI~1\AppData\Local\Temp\tmptsjlskby 中找到 15 个项目，准备开始传输...
2025-09-18 14:05:46,760 - utils.ssh_client - INFO - 传输完成！共 15 个文件成功上传到 /home/sstl/Disk1/data/silicon/codes/api/upload/20250918_140546_e56d3dc8
2025-09-18 14:05:50,118 - utils.ssh_client - INFO - 远程处理命令输出: 开始处理 process_id: 20250918_140546_e56d3dc8, 文件夹: /home/sstl/Disk1/data/silicon/codes/api/upload/20250918_140546_e56d3dc8
正在加载预训练模型...
load model: /home/sstl/Disk1/data/silicon/models/predgru/checkpoints-ontonet-3-weighted+sobel/model-best-2894.ckpt
正在从 /home/sstl/Disk1/data/silicon/codes/api/upload/20250918_140546_e56d3dc8 加载图片数据...
找到 15 张图片
生成了 1 个序列（每个序列15帧）
正在进行预测...
预测完成，结果已保存到: output/20250918_140546_e56d3dc8/prediction.jpg
✅ 预测成功!
处理ID: 20250918_140546_e56d3dc8
预测结果保存路径: output/20250918_140546_e56d3dc8/prediction.jpg
2025-09-18 14:05:50,168 - utils.ssh_client - INFO - 远程结果文件已生成: /home/sstl/Disk1/data/silicon/codes/api/output/20250918_140546_e56d3dc8/prediction.jpg
2025-09-18 14:05:50,169 - utils.ssh_client - INFO - 准备下载文件: /home/sstl/Disk1/data/silicon/codes/api/output/20250918_140546_e56d3dc8/prediction.jpg -> ../download\20250918_140546_e56d3dc8\prediction.jpg
2025-09-18 14:05:50,218 - utils.ssh_client - INFO - 成功下载结果文件: ../download\20250918_140546_e56d3dc8\prediction.jpg
2025-09-18 14:05:50,219 - paramiko.transport.sftp - INFO - [chan 0] sftp session closed.
2025-09-18 14:06:02,448 - main_window - INFO - 界面初始化完成
2025-09-18 14:06:02,448 - main_window - INFO - 日志系统初始化完成
2025-09-18 14:06:06,337 - main_window - INFO - 添加图片: Image0.jpg
2025-09-18 14:06:06,338 - main_window - INFO - 添加图片: Image1.jpg
2025-09-18 14:06:06,338 - main_window - INFO - 添加图片: Image2.jpg
2025-09-18 14:06:06,339 - main_window - INFO - 添加图片: Image3.jpg
2025-09-18 14:06:06,339 - main_window - INFO - 添加图片: Image4.jpg
2025-09-18 14:06:06,339 - main_window - INFO - 添加图片: Image5.jpg
2025-09-18 14:06:06,339 - main_window - INFO - 添加图片: Image6.jpg
2025-09-18 14:06:06,340 - main_window - INFO - 添加图片: Image7.jpg
2025-09-18 14:06:06,340 - main_window - INFO - 添加图片: Image8.jpg
2025-09-18 14:06:06,341 - main_window - INFO - 添加图片: Image9.jpg
2025-09-18 14:06:06,341 - main_window - INFO - 添加图片: Image10.jpg
2025-09-18 14:06:06,341 - main_window - INFO - 添加图片: Image11.jpg
2025-09-18 14:06:06,342 - main_window - INFO - 添加图片: Image12.jpg
2025-09-18 14:06:06,342 - main_window - INFO - 添加图片: Image13.jpg
2025-09-18 14:06:06,343 - main_window - INFO - 添加图片: Image14.jpg
2025-09-18 14:06:07,948 - paramiko.transport - INFO - Connected (version 2.0, client OpenSSH_8.2p1)
2025-09-18 14:06:08,023 - paramiko.transport - INFO - Authentication (publickey) failed.
2025-09-18 14:06:08,048 - paramiko.transport - INFO - Authentication (password) successful!
2025-09-18 14:06:08,212 - paramiko.transport.sftp - INFO - [chan 0] Opened sftp connection (server version 3)
2025-09-18 14:06:08,214 - utils.ssh_client - INFO - 成功连接到服务器
2025-09-18 14:06:08,214 - utils.ssh_client - INFO - 目标远程文件夹路径: /home/sstl/Disk1/data/silicon/codes/api/upload/20250918_140607_c171ed47
2025-09-18 14:06:08,216 - utils.ssh_client - INFO - 成功创建远程文件夹: /home/sstl/Disk1/data/silicon/codes/api/upload/20250918_140607_c171ed47
2025-09-18 14:06:08,216 - utils.ssh_client - INFO - 正在检查本地文件夹: C:\Users\ADMINI~1\AppData\Local\Temp\tmppl1tlo4v
2025-09-18 14:06:08,217 - utils.ssh_client - INFO - 文件夹是否存在: True
2025-09-18 14:06:08,217 - utils.ssh_client - INFO - 是否为目录: True
2025-09-18 14:06:08,217 - utils.ssh_client - INFO - 在 C:\Users\ADMINI~1\AppData\Local\Temp\tmppl1tlo4v 中找到 15 个项目，准备开始传输...
2025-09-18 14:06:08,294 - utils.ssh_client - INFO - 传输完成！共 15 个文件成功上传到 /home/sstl/Disk1/data/silicon/codes/api/upload/20250918_140607_c171ed47
2025-09-18 14:06:11,669 - utils.ssh_client - INFO - 远程处理命令输出: 开始处理 process_id: 20250918_140607_c171ed47, 文件夹: /home/sstl/Disk1/data/silicon/codes/api/upload/20250918_140607_c171ed47
正在加载预训练模型...
load model: /home/sstl/Disk1/data/silicon/models/predgru/checkpoints-ontonet-3-weighted+sobel/model-best-2894.ckpt
正在从 /home/sstl/Disk1/data/silicon/codes/api/upload/20250918_140607_c171ed47 加载图片数据...
找到 15 张图片
生成了 1 个序列（每个序列15帧）
正在进行预测...
预测完成，结果已保存到: output/20250918_140607_c171ed47/prediction.jpg
✅ 预测成功!
处理ID: 20250918_140607_c171ed47
预测结果保存路径: output/20250918_140607_c171ed47/prediction.jpg
2025-09-18 14:06:11,720 - utils.ssh_client - INFO - 远程结果文件已生成: /home/sstl/Disk1/data/silicon/codes/api/output/20250918_140607_c171ed47/prediction.jpg
2025-09-18 14:06:11,722 - utils.ssh_client - INFO - 准备下载文件: /home/sstl/Disk1/data/silicon/codes/api/output/20250918_140607_c171ed47/prediction.jpg -> ../download\20250918_140607_c171ed47\prediction.jpg
2025-09-18 14:06:11,770 - utils.ssh_client - INFO - 成功下载结果文件: ../download\20250918_140607_c171ed47\prediction.jpg
2025-09-18 14:06:11,771 - paramiko.transport.sftp - INFO - [chan 0] sftp session closed.
2025-09-18 14:07:12,161 - main_window - INFO - 添加图片: Image0.jpg
2025-09-18 14:07:12,161 - main_window - INFO - 添加图片: Image1.jpg
2025-09-18 14:07:12,162 - main_window - INFO - 添加图片: Image2.jpg
2025-09-18 14:07:12,162 - main_window - INFO - 添加图片: Image3.jpg
2025-09-18 14:07:12,163 - main_window - INFO - 添加图片: Image4.jpg
2025-09-18 14:07:12,163 - main_window - INFO - 添加图片: Image5.jpg
2025-09-18 14:07:12,163 - main_window - INFO - 添加图片: Image6.jpg
2025-09-18 14:07:12,164 - main_window - INFO - 添加图片: Image7.jpg
2025-09-18 14:07:12,164 - main_window - INFO - 添加图片: Image8.jpg
2025-09-18 14:07:12,164 - main_window - INFO - 添加图片: Image9.jpg
2025-09-18 14:07:12,164 - main_window - INFO - 添加图片: Image10.jpg
2025-09-18 14:07:12,165 - main_window - INFO - 添加图片: Image11.jpg
2025-09-18 14:07:12,165 - main_window - INFO - 添加图片: Image12.jpg
2025-09-18 14:07:12,165 - main_window - INFO - 添加图片: Image13.jpg
2025-09-18 14:07:12,166 - main_window - INFO - 添加图片: Image14.jpg
2025-09-18 14:07:15,031 - paramiko.transport - INFO - Connected (version 2.0, client OpenSSH_8.2p1)
2025-09-18 14:07:15,091 - paramiko.transport - INFO - Authentication (publickey) failed.
2025-09-18 14:07:15,098 - paramiko.transport - INFO - Authentication (password) successful!
2025-09-18 14:07:15,229 - paramiko.transport.sftp - INFO - [chan 0] Opened sftp connection (server version 3)
2025-09-18 14:07:15,230 - utils.ssh_client - INFO - 成功连接到服务器
2025-09-18 14:07:15,231 - utils.ssh_client - INFO - 目标远程文件夹路径: /home/sstl/Disk1/data/silicon/codes/api/upload/20250918_140715_b2eb4317
2025-09-18 14:07:15,232 - utils.ssh_client - INFO - 成功创建远程文件夹: /home/sstl/Disk1/data/silicon/codes/api/upload/20250918_140715_b2eb4317
2025-09-18 14:07:15,232 - utils.ssh_client - INFO - 正在检查本地文件夹: C:\Users\ADMINI~1\AppData\Local\Temp\tmp063_rua3
2025-09-18 14:07:15,233 - utils.ssh_client - INFO - 文件夹是否存在: True
2025-09-18 14:07:15,233 - utils.ssh_client - INFO - 是否为目录: True
2025-09-18 14:07:15,234 - utils.ssh_client - INFO - 在 C:\Users\ADMINI~1\AppData\Local\Temp\tmp063_rua3 中找到 15 个项目，准备开始传输...
2025-09-18 14:07:15,310 - utils.ssh_client - INFO - 传输完成！共 15 个文件成功上传到 /home/sstl/Disk1/data/silicon/codes/api/upload/20250918_140715_b2eb4317
2025-09-18 14:07:18,703 - utils.ssh_client - INFO - 远程处理命令输出: 开始处理 process_id: 20250918_140715_b2eb4317, 文件夹: /home/sstl/Disk1/data/silicon/codes/api/upload/20250918_140715_b2eb4317
正在加载预训练模型...
load model: /home/sstl/Disk1/data/silicon/models/predgru/checkpoints-ontonet-3-weighted+sobel/model-best-2894.ckpt
正在从 /home/sstl/Disk1/data/silicon/codes/api/upload/20250918_140715_b2eb4317 加载图片数据...
找到 15 张图片
生成了 1 个序列（每个序列15帧）
正在进行预测...
预测完成，结果已保存到: output/20250918_140715_b2eb4317/prediction.jpg
✅ 预测成功!
处理ID: 20250918_140715_b2eb4317
预测结果保存路径: output/20250918_140715_b2eb4317/prediction.jpg
2025-09-18 14:07:18,752 - utils.ssh_client - INFO - 远程结果文件已生成: /home/sstl/Disk1/data/silicon/codes/api/output/20250918_140715_b2eb4317/prediction.jpg
2025-09-18 14:07:18,753 - utils.ssh_client - INFO - 准备下载文件: /home/sstl/Disk1/data/silicon/codes/api/output/20250918_140715_b2eb4317/prediction.jpg -> ../download\20250918_140715_b2eb4317\prediction.jpg
2025-09-18 14:07:18,802 - utils.ssh_client - INFO - 成功下载结果文件: ../download\20250918_140715_b2eb4317\prediction.jpg
2025-09-18 14:07:18,803 - paramiko.transport.sftp - INFO - [chan 0] sftp session closed.
2025-09-18 14:08:55,397 - main_window - INFO - 应用程序关闭
2025-09-18 14:09:26,180 - main_window - INFO - 界面初始化完成
2025-09-18 14:09:26,180 - main_window - INFO - 日志系统初始化完成
2025-09-18 14:09:35,367 - main_window - INFO - 添加图片: Image0.jpg
2025-09-18 14:09:35,368 - main_window - INFO - 添加图片: Image1.jpg
2025-09-18 14:09:35,369 - main_window - INFO - 添加图片: Image2.jpg
2025-09-18 14:09:35,369 - main_window - INFO - 添加图片: Image3.jpg
2025-09-18 14:09:35,370 - main_window - INFO - 添加图片: Image4.jpg
2025-09-18 14:09:35,370 - main_window - INFO - 添加图片: Image5.jpg
2025-09-18 14:09:35,370 - main_window - INFO - 添加图片: Image6.jpg
2025-09-18 14:09:35,370 - main_window - INFO - 添加图片: Image7.jpg
2025-09-18 14:09:35,371 - main_window - INFO - 添加图片: Image8.jpg
2025-09-18 14:09:35,371 - main_window - INFO - 添加图片: Image9.jpg
2025-09-18 14:09:35,371 - main_window - INFO - 添加图片: Image10.jpg
2025-09-18 14:09:35,372 - main_window - INFO - 添加图片: Image11.jpg
2025-09-18 14:09:35,372 - main_window - INFO - 添加图片: Image12.jpg
2025-09-18 14:09:35,372 - main_window - INFO - 添加图片: Image13.jpg
2025-09-18 14:09:35,372 - main_window - INFO - 添加图片: Image14.jpg
2025-09-18 14:09:41,985 - paramiko.transport - INFO - Connected (version 2.0, client OpenSSH_8.2p1)
2025-09-18 14:09:42,055 - paramiko.transport - INFO - Authentication (publickey) failed.
2025-09-18 14:09:42,080 - paramiko.transport - INFO - Authentication (password) successful!
2025-09-18 14:09:42,236 - paramiko.transport.sftp - INFO - [chan 0] Opened sftp connection (server version 3)
2025-09-18 14:09:42,237 - utils.ssh_client - INFO - 成功连接到服务器
2025-09-18 14:09:42,239 - utils.ssh_client - INFO - 目标远程文件夹路径: /home/sstl/Disk1/data/silicon/codes/api/upload/20250918_140941_f17600ac
2025-09-18 14:09:42,241 - utils.ssh_client - INFO - 成功创建远程文件夹: /home/sstl/Disk1/data/silicon/codes/api/upload/20250918_140941_f17600ac
2025-09-18 14:09:42,241 - utils.ssh_client - INFO - 正在检查本地文件夹: C:\Users\ADMINI~1\AppData\Local\Temp\tmpm7de435s
2025-09-18 14:09:42,243 - utils.ssh_client - INFO - 文件夹是否存在: True
2025-09-18 14:09:42,243 - utils.ssh_client - INFO - 是否为目录: True
2025-09-18 14:09:42,244 - utils.ssh_client - INFO - 在 C:\Users\ADMINI~1\AppData\Local\Temp\tmpm7de435s 中找到 15 个项目，准备开始传输...
2025-09-18 14:09:42,320 - utils.ssh_client - INFO - 传输完成！共 15 个文件成功上传到 /home/sstl/Disk1/data/silicon/codes/api/upload/20250918_140941_f17600ac
2025-09-18 14:09:45,703 - utils.ssh_client - INFO - 远程处理命令输出: 开始处理 process_id: 20250918_140941_f17600ac, 文件夹: /home/sstl/Disk1/data/silicon/codes/api/upload/20250918_140941_f17600ac
正在加载预训练模型...
load model: /home/sstl/Disk1/data/silicon/models/predgru/checkpoints-ontonet-3-weighted+sobel/model-best-2894.ckpt
正在从 /home/sstl/Disk1/data/silicon/codes/api/upload/20250918_140941_f17600ac 加载图片数据...
找到 15 张图片
生成了 1 个序列（每个序列15帧）
正在进行预测...
预测完成，结果已保存到: output/20250918_140941_f17600ac/prediction.jpg
✅ 预测成功!
处理ID: 20250918_140941_f17600ac
预测结果保存路径: output/20250918_140941_f17600ac/prediction.jpg
2025-09-18 14:09:45,752 - utils.ssh_client - INFO - 远程结果文件已生成: /home/sstl/Disk1/data/silicon/codes/api/output/20250918_140941_f17600ac/prediction.jpg
2025-09-18 14:09:45,753 - utils.ssh_client - INFO - 准备下载文件: /home/sstl/Disk1/data/silicon/codes/api/output/20250918_140941_f17600ac/prediction.jpg -> ../download\20250918_140941_f17600ac\prediction.jpg
2025-09-18 14:09:45,802 - utils.ssh_client - INFO - 成功下载结果文件: ../download\20250918_140941_f17600ac\prediction.jpg
2025-09-18 14:09:45,803 - paramiko.transport.sftp - INFO - [chan 0] sftp session closed.
2025-09-18 14:11:39,330 - main_window - INFO - 界面初始化完成
2025-09-18 14:11:39,331 - main_window - INFO - 日志系统初始化完成
2025-09-18 14:11:43,415 - main_window - INFO - 添加图片: Image0.jpg
2025-09-18 14:11:43,416 - main_window - INFO - 添加图片: Image1.jpg
2025-09-18 14:11:43,417 - main_window - INFO - 添加图片: Image2.jpg
2025-09-18 14:11:43,417 - main_window - INFO - 添加图片: Image3.jpg
2025-09-18 14:11:43,417 - main_window - INFO - 添加图片: Image4.jpg
2025-09-18 14:11:43,418 - main_window - INFO - 添加图片: Image5.jpg
2025-09-18 14:11:43,418 - main_window - INFO - 添加图片: Image6.jpg
2025-09-18 14:11:43,418 - main_window - INFO - 添加图片: Image7.jpg
2025-09-18 14:11:43,418 - main_window - INFO - 添加图片: Image8.jpg
2025-09-18 14:11:43,419 - main_window - INFO - 添加图片: Image9.jpg
2025-09-18 14:11:43,419 - main_window - INFO - 添加图片: Image10.jpg
2025-09-18 14:11:43,419 - main_window - INFO - 添加图片: Image11.jpg
2025-09-18 14:11:43,420 - main_window - INFO - 添加图片: Image12.jpg
2025-09-18 14:11:43,420 - main_window - INFO - 添加图片: Image13.jpg
2025-09-18 14:11:43,420 - main_window - INFO - 添加图片: Image14.jpg
2025-09-18 14:11:44,816 - paramiko.transport - INFO - Connected (version 2.0, client OpenSSH_8.2p1)
2025-09-18 14:11:44,885 - paramiko.transport - INFO - Authentication (publickey) failed.
2025-09-18 14:11:44,910 - paramiko.transport - INFO - Authentication (password) successful!
2025-09-18 14:11:45,084 - paramiko.transport.sftp - INFO - [chan 0] Opened sftp connection (server version 3)
2025-09-18 14:11:45,086 - utils.ssh_client - INFO - 成功连接到服务器
2025-09-18 14:11:45,088 - utils.ssh_client - INFO - 目标远程文件夹路径: /home/sstl/Disk1/data/silicon/codes/api/upload/20250918_141144_60617507
2025-09-18 14:11:45,090 - utils.ssh_client - INFO - 成功创建远程文件夹: /home/sstl/Disk1/data/silicon/codes/api/upload/20250918_141144_60617507
2025-09-18 14:11:45,091 - utils.ssh_client - INFO - 正在检查本地文件夹: C:\Users\ADMINI~1\AppData\Local\Temp\tmprqfiig79
2025-09-18 14:11:45,092 - utils.ssh_client - INFO - 文件夹是否存在: True
2025-09-18 14:11:45,092 - utils.ssh_client - INFO - 是否为目录: True
2025-09-18 14:11:45,093 - utils.ssh_client - INFO - 在 C:\Users\ADMINI~1\AppData\Local\Temp\tmprqfiig79 中找到 15 个项目，准备开始传输...
2025-09-18 14:11:45,174 - utils.ssh_client - INFO - 传输完成！共 15 个文件成功上传到 /home/sstl/Disk1/data/silicon/codes/api/upload/20250918_141144_60617507
2025-09-18 14:11:48,548 - utils.ssh_client - INFO - 远程处理命令输出: 开始处理 process_id: 20250918_141144_60617507, 文件夹: /home/sstl/Disk1/data/silicon/codes/api/upload/20250918_141144_60617507
正在加载预训练模型...
load model: /home/sstl/Disk1/data/silicon/models/predgru/checkpoints-ontonet-3-weighted+sobel/model-best-2894.ckpt
正在从 /home/sstl/Disk1/data/silicon/codes/api/upload/20250918_141144_60617507 加载图片数据...
找到 15 张图片
生成了 1 个序列（每个序列15帧）
正在进行预测...
预测完成，结果已保存到: output/20250918_141144_60617507/prediction.jpg
✅ 预测成功!
处理ID: 20250918_141144_60617507
预测结果保存路径: output/20250918_141144_60617507/prediction.jpg
2025-09-18 14:11:48,598 - utils.ssh_client - INFO - 远程结果文件已生成: /home/sstl/Disk1/data/silicon/codes/api/output/20250918_141144_60617507/prediction.jpg
2025-09-18 14:11:48,599 - utils.ssh_client - INFO - 准备下载文件: /home/sstl/Disk1/data/silicon/codes/api/output/20250918_141144_60617507/prediction.jpg -> ../download\20250918_141144_60617507\prediction.jpg
2025-09-18 14:11:48,649 - utils.ssh_client - INFO - 成功下载结果文件: ../download\20250918_141144_60617507\prediction.jpg
2025-09-18 14:11:48,650 - paramiko.transport.sftp - INFO - [chan 0] sftp session closed.
2025-09-18 14:12:11,118 - main_window - INFO - 界面初始化完成
2025-09-18 14:12:11,119 - main_window - INFO - 日志系统初始化完成
2025-09-18 14:12:14,870 - main_window - INFO - 添加图片: Image0.jpg
2025-09-18 14:12:14,870 - main_window - INFO - 添加图片: Image1.jpg
2025-09-18 14:12:14,871 - main_window - INFO - 添加图片: Image2.jpg
2025-09-18 14:12:14,871 - main_window - INFO - 添加图片: Image3.jpg
2025-09-18 14:12:14,871 - main_window - INFO - 添加图片: Image4.jpg
2025-09-18 14:12:14,872 - main_window - INFO - 添加图片: Image5.jpg
2025-09-18 14:12:14,872 - main_window - INFO - 添加图片: Image6.jpg
2025-09-18 14:12:14,872 - main_window - INFO - 添加图片: Image7.jpg
2025-09-18 14:12:14,873 - main_window - INFO - 添加图片: Image8.jpg
2025-09-18 14:12:14,873 - main_window - INFO - 添加图片: Image9.jpg
2025-09-18 14:12:14,873 - main_window - INFO - 添加图片: Image10.jpg
2025-09-18 14:12:14,874 - main_window - INFO - 添加图片: Image11.jpg
2025-09-18 14:12:14,874 - main_window - INFO - 添加图片: Image12.jpg
2025-09-18 14:12:14,874 - main_window - INFO - 添加图片: Image13.jpg
2025-09-18 14:12:14,874 - main_window - INFO - 添加图片: Image14.jpg
2025-09-18 14:12:15,927 - paramiko.transport - INFO - Connected (version 2.0, client OpenSSH_8.2p1)
2025-09-18 14:12:15,996 - paramiko.transport - INFO - Authentication (publickey) failed.
2025-09-18 14:12:16,021 - paramiko.transport - INFO - Authentication (password) successful!
2025-09-18 14:12:16,175 - paramiko.transport.sftp - INFO - [chan 0] Opened sftp connection (server version 3)
2025-09-18 14:12:16,177 - utils.ssh_client - INFO - 成功连接到服务器
2025-09-18 14:12:16,177 - utils.ssh_client - INFO - 目标远程文件夹路径: /home/sstl/Disk1/data/silicon/codes/api/upload/20250918_141215_6ede5c7d
2025-09-18 14:12:16,179 - utils.ssh_client - INFO - 成功创建远程文件夹: /home/sstl/Disk1/data/silicon/codes/api/upload/20250918_141215_6ede5c7d
2025-09-18 14:12:16,179 - utils.ssh_client - INFO - 正在检查本地文件夹: C:\Users\ADMINI~1\AppData\Local\Temp\tmp1p1s3978
2025-09-18 14:12:16,180 - utils.ssh_client - INFO - 文件夹是否存在: True
2025-09-18 14:12:16,180 - utils.ssh_client - INFO - 是否为目录: True
2025-09-18 14:12:16,181 - utils.ssh_client - INFO - 在 C:\Users\ADMINI~1\AppData\Local\Temp\tmp1p1s3978 中找到 15 个项目，准备开始传输...
2025-09-18 14:12:16,258 - utils.ssh_client - INFO - 传输完成！共 15 个文件成功上传到 /home/sstl/Disk1/data/silicon/codes/api/upload/20250918_141215_6ede5c7d
2025-09-18 14:12:19,666 - utils.ssh_client - INFO - 远程处理命令输出: 开始处理 process_id: 20250918_141215_6ede5c7d, 文件夹: /home/sstl/Disk1/data/silicon/codes/api/upload/20250918_141215_6ede5c7d
正在加载预训练模型...
load model: /home/sstl/Disk1/data/silicon/models/predgru/checkpoints-ontonet-3-weighted+sobel/model-best-2894.ckpt
正在从 /home/sstl/Disk1/data/silicon/codes/api/upload/20250918_141215_6ede5c7d 加载图片数据...
找到 15 张图片
生成了 1 个序列（每个序列15帧）
正在进行预测...
预测完成，结果已保存到: output/20250918_141215_6ede5c7d/prediction.jpg
✅ 预测成功!
处理ID: 20250918_141215_6ede5c7d
预测结果保存路径: output/20250918_141215_6ede5c7d/prediction.jpg
2025-09-18 14:12:19,714 - utils.ssh_client - INFO - 远程结果文件已生成: /home/sstl/Disk1/data/silicon/codes/api/output/20250918_141215_6ede5c7d/prediction.jpg
2025-09-18 14:12:19,715 - utils.ssh_client - INFO - 准备下载文件: /home/sstl/Disk1/data/silicon/codes/api/output/20250918_141215_6ede5c7d/prediction.jpg -> ../download\20250918_141215_6ede5c7d\prediction.jpg
2025-09-18 14:12:19,766 - utils.ssh_client - INFO - 成功下载结果文件: ../download\20250918_141215_6ede5c7d\prediction.jpg
2025-09-18 14:12:19,766 - paramiko.transport.sftp - INFO - [chan 0] sftp session closed.
2025-09-18 14:12:55,025 - main_window - INFO - 界面初始化完成
2025-09-18 14:12:55,025 - main_window - INFO - 日志系统初始化完成
2025-09-18 14:12:58,677 - main_window - INFO - 添加图片: Image0.jpg
2025-09-18 14:12:58,678 - main_window - INFO - 添加图片: Image1.jpg
2025-09-18 14:12:58,679 - main_window - INFO - 添加图片: Image2.jpg
2025-09-18 14:12:58,679 - main_window - INFO - 添加图片: Image3.jpg
2025-09-18 14:12:58,679 - main_window - INFO - 添加图片: Image4.jpg
2025-09-18 14:12:58,680 - main_window - INFO - 添加图片: Image5.jpg
2025-09-18 14:12:58,680 - main_window - INFO - 添加图片: Image6.jpg
2025-09-18 14:12:58,680 - main_window - INFO - 添加图片: Image7.jpg
2025-09-18 14:12:58,680 - main_window - INFO - 添加图片: Image8.jpg
2025-09-18 14:12:58,681 - main_window - INFO - 添加图片: Image9.jpg
2025-09-18 14:12:58,681 - main_window - INFO - 添加图片: Image10.jpg
2025-09-18 14:12:58,681 - main_window - INFO - 添加图片: Image11.jpg
2025-09-18 14:12:58,682 - main_window - INFO - 添加图片: Image12.jpg
2025-09-18 14:12:58,682 - main_window - INFO - 添加图片: Image13.jpg
2025-09-18 14:12:58,682 - main_window - INFO - 添加图片: Image14.jpg
2025-09-18 14:12:59,327 - paramiko.transport - INFO - Connected (version 2.0, client OpenSSH_8.2p1)
2025-09-18 14:12:59,399 - paramiko.transport - INFO - Authentication (publickey) failed.
2025-09-18 14:12:59,425 - paramiko.transport - INFO - Authentication (password) successful!
2025-09-18 14:12:59,581 - paramiko.transport.sftp - INFO - [chan 0] Opened sftp connection (server version 3)
2025-09-18 14:12:59,582 - utils.ssh_client - INFO - 成功连接到服务器
2025-09-18 14:12:59,584 - utils.ssh_client - INFO - 目标远程文件夹路径: /home/sstl/Disk1/data/silicon/codes/api/upload/20250918_141259_6c05a3ea
2025-09-18 14:12:59,585 - utils.ssh_client - INFO - 成功创建远程文件夹: /home/sstl/Disk1/data/silicon/codes/api/upload/20250918_141259_6c05a3ea
2025-09-18 14:12:59,586 - utils.ssh_client - INFO - 正在检查本地文件夹: C:\Users\ADMINI~1\AppData\Local\Temp\tmph054xz2v
2025-09-18 14:12:59,587 - utils.ssh_client - INFO - 文件夹是否存在: True
2025-09-18 14:12:59,587 - utils.ssh_client - INFO - 是否为目录: True
2025-09-18 14:12:59,588 - utils.ssh_client - INFO - 在 C:\Users\ADMINI~1\AppData\Local\Temp\tmph054xz2v 中找到 15 个项目，准备开始传输...
2025-09-18 14:12:59,670 - utils.ssh_client - INFO - 传输完成！共 15 个文件成功上传到 /home/sstl/Disk1/data/silicon/codes/api/upload/20250918_141259_6c05a3ea
2025-09-18 14:13:03,034 - utils.ssh_client - INFO - 远程处理命令输出: 开始处理 process_id: 20250918_141259_6c05a3ea, 文件夹: /home/sstl/Disk1/data/silicon/codes/api/upload/20250918_141259_6c05a3ea
正在加载预训练模型...
load model: /home/sstl/Disk1/data/silicon/models/predgru/checkpoints-ontonet-3-weighted+sobel/model-best-2894.ckpt
正在从 /home/sstl/Disk1/data/silicon/codes/api/upload/20250918_141259_6c05a3ea 加载图片数据...
找到 15 张图片
生成了 1 个序列（每个序列15帧）
正在进行预测...
预测完成，结果已保存到: output/20250918_141259_6c05a3ea/prediction.jpg
✅ 预测成功!
处理ID: 20250918_141259_6c05a3ea
预测结果保存路径: output/20250918_141259_6c05a3ea/prediction.jpg
2025-09-18 14:13:03,084 - utils.ssh_client - INFO - 远程结果文件已生成: /home/sstl/Disk1/data/silicon/codes/api/output/20250918_141259_6c05a3ea/prediction.jpg
2025-09-18 14:13:03,086 - utils.ssh_client - INFO - 准备下载文件: /home/sstl/Disk1/data/silicon/codes/api/output/20250918_141259_6c05a3ea/prediction.jpg -> ../download\20250918_141259_6c05a3ea\prediction.jpg
2025-09-18 14:13:03,135 - utils.ssh_client - INFO - 成功下载结果文件: ../download\20250918_141259_6c05a3ea\prediction.jpg
2025-09-18 14:13:03,136 - paramiko.transport.sftp - INFO - [chan 0] sftp session closed.
2025-09-18 14:13:10,543 - main_window - INFO - 添加图片: Image0.jpg
2025-09-18 14:13:10,544 - main_window - INFO - 添加图片: Image1.jpg
2025-09-18 14:13:10,545 - main_window - INFO - 添加图片: Image2.jpg
2025-09-18 14:13:10,545 - main_window - INFO - 添加图片: Image3.jpg
2025-09-18 14:13:10,545 - main_window - INFO - 添加图片: Image4.jpg
2025-09-18 14:13:10,546 - main_window - INFO - 添加图片: Image5.jpg
2025-09-18 14:13:10,547 - main_window - INFO - 添加图片: Image6.jpg
2025-09-18 14:13:10,548 - main_window - INFO - 添加图片: Image7.jpg
2025-09-18 14:13:10,548 - main_window - INFO - 添加图片: Image8.jpg
2025-09-18 14:13:10,549 - main_window - INFO - 添加图片: Image9.jpg
2025-09-18 14:13:10,549 - main_window - INFO - 添加图片: Image10.jpg
2025-09-18 14:13:10,549 - main_window - INFO - 添加图片: Image11.jpg
2025-09-18 14:13:10,550 - main_window - INFO - 添加图片: Image12.jpg
2025-09-18 14:13:10,550 - main_window - INFO - 添加图片: Image13.jpg
2025-09-18 14:13:10,550 - main_window - INFO - 添加图片: Image14.jpg
2025-09-18 14:13:11,280 - paramiko.transport - INFO - Connected (version 2.0, client OpenSSH_8.2p1)
2025-09-18 14:13:11,355 - paramiko.transport - INFO - Authentication (publickey) failed.
2025-09-18 14:13:11,382 - paramiko.transport - INFO - Authentication (password) successful!
2025-09-18 14:13:11,524 - paramiko.transport.sftp - INFO - [chan 0] Opened sftp connection (server version 3)
2025-09-18 14:13:11,526 - utils.ssh_client - INFO - 成功连接到服务器
2025-09-18 14:13:11,527 - utils.ssh_client - INFO - 目标远程文件夹路径: /home/sstl/Disk1/data/silicon/codes/api/upload/20250918_141311_756171a6
2025-09-18 14:13:11,530 - utils.ssh_client - INFO - 成功创建远程文件夹: /home/sstl/Disk1/data/silicon/codes/api/upload/20250918_141311_756171a6
2025-09-18 14:13:11,531 - utils.ssh_client - INFO - 正在检查本地文件夹: C:\Users\ADMINI~1\AppData\Local\Temp\tmpc8x1r0w_
2025-09-18 14:13:11,532 - utils.ssh_client - INFO - 文件夹是否存在: True
2025-09-18 14:13:11,533 - utils.ssh_client - INFO - 是否为目录: True
2025-09-18 14:13:11,533 - utils.ssh_client - INFO - 在 C:\Users\ADMINI~1\AppData\Local\Temp\tmpc8x1r0w_ 中找到 15 个项目，准备开始传输...
2025-09-18 14:13:11,611 - utils.ssh_client - INFO - 传输完成！共 15 个文件成功上传到 /home/sstl/Disk1/data/silicon/codes/api/upload/20250918_141311_756171a6
2025-09-18 14:13:14,957 - utils.ssh_client - INFO - 远程处理命令输出: 开始处理 process_id: 20250918_141311_756171a6, 文件夹: /home/sstl/Disk1/data/silicon/codes/api/upload/20250918_141311_756171a6
正在加载预训练模型...
load model: /home/sstl/Disk1/data/silicon/models/predgru/checkpoints-ontonet-3-weighted+sobel/model-best-2894.ckpt
正在从 /home/sstl/Disk1/data/silicon/codes/api/upload/20250918_141311_756171a6 加载图片数据...
找到 15 张图片
生成了 1 个序列（每个序列15帧）
正在进行预测...
预测完成，结果已保存到: output/20250918_141311_756171a6/prediction.jpg
✅ 预测成功!
处理ID: 20250918_141311_756171a6
预测结果保存路径: output/20250918_141311_756171a6/prediction.jpg
2025-09-18 14:13:15,005 - utils.ssh_client - INFO - 远程结果文件已生成: /home/sstl/Disk1/data/silicon/codes/api/output/20250918_141311_756171a6/prediction.jpg
2025-09-18 14:13:15,006 - utils.ssh_client - INFO - 准备下载文件: /home/sstl/Disk1/data/silicon/codes/api/output/20250918_141311_756171a6/prediction.jpg -> ../download\20250918_141311_756171a6\prediction.jpg
2025-09-18 14:13:15,059 - utils.ssh_client - INFO - 成功下载结果文件: ../download\20250918_141311_756171a6\prediction.jpg
2025-09-18 14:13:15,060 - paramiko.transport.sftp - INFO - [chan 0] sftp session closed.
2025-09-18 14:13:57,889 - main_window - INFO - 添加图片: Image0.jpg
2025-09-18 14:13:57,889 - main_window - INFO - 添加图片: Image1.jpg
2025-09-18 14:13:57,890 - main_window - INFO - 添加图片: Image2.jpg
2025-09-18 14:13:57,890 - main_window - INFO - 添加图片: Image3.jpg
2025-09-18 14:13:57,890 - main_window - INFO - 添加图片: Image4.jpg
2025-09-18 14:13:57,891 - main_window - INFO - 添加图片: Image5.jpg
2025-09-18 14:13:57,891 - main_window - INFO - 添加图片: Image6.jpg
2025-09-18 14:13:57,891 - main_window - INFO - 添加图片: Image7.jpg
2025-09-18 14:13:57,892 - main_window - INFO - 添加图片: Image8.jpg
2025-09-18 14:13:57,892 - main_window - INFO - 添加图片: Image9.jpg
2025-09-18 14:13:57,892 - main_window - INFO - 添加图片: Image10.jpg
2025-09-18 14:13:57,892 - main_window - INFO - 添加图片: Image11.jpg
2025-09-18 14:13:57,893 - main_window - INFO - 添加图片: Image12.jpg
2025-09-18 14:13:57,893 - main_window - INFO - 添加图片: Image13.jpg
2025-09-18 14:13:57,893 - main_window - INFO - 添加图片: Image14.jpg
2025-09-18 14:13:58,744 - paramiko.transport - INFO - Connected (version 2.0, client OpenSSH_8.2p1)
2025-09-18 14:13:58,814 - paramiko.transport - INFO - Authentication (publickey) failed.
2025-09-18 14:13:58,840 - paramiko.transport - INFO - Authentication (password) successful!
2025-09-18 14:13:58,977 - paramiko.transport.sftp - INFO - [chan 0] Opened sftp connection (server version 3)
2025-09-18 14:13:58,979 - utils.ssh_client - INFO - 成功连接到服务器
2025-09-18 14:13:58,980 - utils.ssh_client - INFO - 目标远程文件夹路径: /home/sstl/Disk1/data/silicon/codes/api/upload/20250918_141358_fc89ef21
2025-09-18 14:13:58,988 - utils.ssh_client - INFO - 成功创建远程文件夹: /home/sstl/Disk1/data/silicon/codes/api/upload/20250918_141358_fc89ef21
2025-09-18 14:13:58,988 - utils.ssh_client - INFO - 正在检查本地文件夹: C:\Users\ADMINI~1\AppData\Local\Temp\tmpfndd5d52
2025-09-18 14:13:58,989 - utils.ssh_client - INFO - 文件夹是否存在: True
2025-09-18 14:13:58,989 - utils.ssh_client - INFO - 是否为目录: True
2025-09-18 14:13:58,990 - utils.ssh_client - INFO - 在 C:\Users\ADMINI~1\AppData\Local\Temp\tmpfndd5d52 中找到 15 个项目，准备开始传输...
2025-09-18 14:13:59,070 - utils.ssh_client - INFO - 传输完成！共 15 个文件成功上传到 /home/sstl/Disk1/data/silicon/codes/api/upload/20250918_141358_fc89ef21
2025-09-18 14:14:02,489 - utils.ssh_client - INFO - 远程处理命令输出: 开始处理 process_id: 20250918_141358_fc89ef21, 文件夹: /home/sstl/Disk1/data/silicon/codes/api/upload/20250918_141358_fc89ef21
正在加载预训练模型...
load model: /home/sstl/Disk1/data/silicon/models/predgru/checkpoints-ontonet-3-weighted+sobel/model-best-2894.ckpt
正在从 /home/sstl/Disk1/data/silicon/codes/api/upload/20250918_141358_fc89ef21 加载图片数据...
找到 15 张图片
生成了 1 个序列（每个序列15帧）
正在进行预测...
预测完成，结果已保存到: output/20250918_141358_fc89ef21/prediction.jpg
✅ 预测成功!
处理ID: 20250918_141358_fc89ef21
预测结果保存路径: output/20250918_141358_fc89ef21/prediction.jpg
2025-09-18 14:14:02,540 - utils.ssh_client - INFO - 远程结果文件已生成: /home/sstl/Disk1/data/silicon/codes/api/output/20250918_141358_fc89ef21/prediction.jpg
2025-09-18 14:14:02,542 - utils.ssh_client - INFO - 准备下载文件: /home/sstl/Disk1/data/silicon/codes/api/output/20250918_141358_fc89ef21/prediction.jpg -> ../download\20250918_141358_fc89ef21\prediction.jpg
2025-09-18 14:14:02,592 - utils.ssh_client - INFO - 成功下载结果文件: ../download\20250918_141358_fc89ef21\prediction.jpg
2025-09-18 14:14:02,592 - paramiko.transport.sftp - INFO - [chan 0] sftp session closed.
2025-09-18 14:14:57,163 - main_window - INFO - 界面初始化完成
2025-09-18 14:14:57,164 - main_window - INFO - 日志系统初始化完成
2025-09-18 14:15:00,875 - main_window - INFO - 添加图片: Image0.jpg
2025-09-18 14:15:00,876 - main_window - INFO - 添加图片: Image1.jpg
2025-09-18 14:15:00,877 - main_window - INFO - 添加图片: Image2.jpg
2025-09-18 14:15:00,878 - main_window - INFO - 添加图片: Image3.jpg
2025-09-18 14:15:00,878 - main_window - INFO - 添加图片: Image4.jpg
2025-09-18 14:15:00,878 - main_window - INFO - 添加图片: Image5.jpg
2025-09-18 14:15:00,879 - main_window - INFO - 添加图片: Image6.jpg
2025-09-18 14:15:00,879 - main_window - INFO - 添加图片: Image7.jpg
2025-09-18 14:15:00,879 - main_window - INFO - 添加图片: Image8.jpg
2025-09-18 14:15:00,880 - main_window - INFO - 添加图片: Image9.jpg
2025-09-18 14:15:00,880 - main_window - INFO - 添加图片: Image10.jpg
2025-09-18 14:15:00,880 - main_window - INFO - 添加图片: Image11.jpg
2025-09-18 14:15:00,881 - main_window - INFO - 添加图片: Image12.jpg
2025-09-18 14:15:00,881 - main_window - INFO - 添加图片: Image13.jpg
2025-09-18 14:15:00,881 - main_window - INFO - 添加图片: Image14.jpg
2025-09-18 14:15:01,728 - paramiko.transport - INFO - Connected (version 2.0, client OpenSSH_8.2p1)
2025-09-18 14:15:01,802 - paramiko.transport - INFO - Authentication (publickey) failed.
2025-09-18 14:15:01,827 - paramiko.transport - INFO - Authentication (password) successful!
2025-09-18 14:15:01,971 - paramiko.transport.sftp - INFO - [chan 0] Opened sftp connection (server version 3)
2025-09-18 14:15:01,973 - utils.ssh_client - INFO - 成功连接到服务器
2025-09-18 14:15:01,974 - utils.ssh_client - INFO - 目标远程文件夹路径: /home/sstl/Disk1/data/silicon/codes/api/upload/20250918_141501_44f34dfa
2025-09-18 14:15:01,976 - utils.ssh_client - INFO - 成功创建远程文件夹: /home/sstl/Disk1/data/silicon/codes/api/upload/20250918_141501_44f34dfa
2025-09-18 14:15:01,977 - utils.ssh_client - INFO - 正在检查本地文件夹: C:\Users\ADMINI~1\AppData\Local\Temp\tmpo8j2u_c_
2025-09-18 14:15:01,977 - utils.ssh_client - INFO - 文件夹是否存在: True
2025-09-18 14:15:01,978 - utils.ssh_client - INFO - 是否为目录: True
2025-09-18 14:15:01,978 - utils.ssh_client - INFO - 在 C:\Users\ADMINI~1\AppData\Local\Temp\tmpo8j2u_c_ 中找到 15 个项目，准备开始传输...
2025-09-18 14:15:02,057 - utils.ssh_client - INFO - 传输完成！共 15 个文件成功上传到 /home/sstl/Disk1/data/silicon/codes/api/upload/20250918_141501_44f34dfa
2025-09-18 14:15:05,440 - utils.ssh_client - INFO - 远程处理命令输出: 开始处理 process_id: 20250918_141501_44f34dfa, 文件夹: /home/sstl/Disk1/data/silicon/codes/api/upload/20250918_141501_44f34dfa
正在加载预训练模型...
load model: /home/sstl/Disk1/data/silicon/models/predgru/checkpoints-ontonet-3-weighted+sobel/model-best-2894.ckpt
正在从 /home/sstl/Disk1/data/silicon/codes/api/upload/20250918_141501_44f34dfa 加载图片数据...
找到 15 张图片
生成了 1 个序列（每个序列15帧）
正在进行预测...
预测完成，结果已保存到: output/20250918_141501_44f34dfa/prediction.jpg
✅ 预测成功!
处理ID: 20250918_141501_44f34dfa
预测结果保存路径: output/20250918_141501_44f34dfa/prediction.jpg
2025-09-18 14:15:05,491 - utils.ssh_client - INFO - 远程结果文件已生成: /home/sstl/Disk1/data/silicon/codes/api/output/20250918_141501_44f34dfa/prediction.jpg
2025-09-18 14:15:05,493 - utils.ssh_client - INFO - 准备下载文件: /home/sstl/Disk1/data/silicon/codes/api/output/20250918_141501_44f34dfa/prediction.jpg -> download\20250918_141501_44f34dfa\prediction.jpg
2025-09-18 14:15:05,546 - utils.ssh_client - INFO - 成功下载结果文件: download\20250918_141501_44f34dfa\prediction.jpg
2025-09-18 14:15:05,546 - paramiko.transport.sftp - INFO - [chan 0] sftp session closed.
2025-09-18 14:15:15,840 - main_window - INFO - 界面初始化完成
2025-09-18 14:15:15,840 - main_window - INFO - 日志系统初始化完成
2025-09-18 14:15:27,901 - main_window - INFO - 添加图片: Image0.jpg
2025-09-18 14:15:27,902 - main_window - INFO - 添加图片: Image1.jpg
2025-09-18 14:15:27,902 - main_window - INFO - 添加图片: Image2.jpg
2025-09-18 14:15:27,903 - main_window - INFO - 添加图片: Image3.jpg
2025-09-18 14:15:27,903 - main_window - INFO - 添加图片: Image4.jpg
2025-09-18 14:15:27,903 - main_window - INFO - 添加图片: Image5.jpg
2025-09-18 14:15:27,904 - main_window - INFO - 添加图片: Image6.jpg
2025-09-18 14:15:27,904 - main_window - INFO - 添加图片: Image7.jpg
2025-09-18 14:15:27,904 - main_window - INFO - 添加图片: Image8.jpg
2025-09-18 14:15:27,904 - main_window - INFO - 添加图片: Image9.jpg
2025-09-18 14:15:27,905 - main_window - INFO - 添加图片: Image10.jpg
2025-09-18 14:15:27,905 - main_window - INFO - 添加图片: Image11.jpg
2025-09-18 14:15:27,905 - main_window - INFO - 添加图片: Image12.jpg
2025-09-18 14:15:27,906 - main_window - INFO - 添加图片: Image13.jpg
2025-09-18 14:15:27,906 - main_window - INFO - 添加图片: Image14.jpg
2025-09-18 14:15:29,405 - paramiko.transport - INFO - Connected (version 2.0, client OpenSSH_8.2p1)
2025-09-18 14:15:29,478 - paramiko.transport - INFO - Authentication (publickey) failed.
2025-09-18 14:15:29,503 - paramiko.transport - INFO - Authentication (password) successful!
2025-09-18 14:15:29,647 - paramiko.transport.sftp - INFO - [chan 0] Opened sftp connection (server version 3)
2025-09-18 14:15:29,649 - utils.ssh_client - INFO - 成功连接到服务器
2025-09-18 14:15:29,650 - utils.ssh_client - INFO - 目标远程文件夹路径: /home/sstl/Disk1/data/silicon/codes/api/upload/20250918_141529_c3397616
2025-09-18 14:15:29,652 - utils.ssh_client - INFO - 成功创建远程文件夹: /home/sstl/Disk1/data/silicon/codes/api/upload/20250918_141529_c3397616
2025-09-18 14:15:29,653 - utils.ssh_client - INFO - 正在检查本地文件夹: C:\Users\ADMINI~1\AppData\Local\Temp\tmpwt12fgn0
2025-09-18 14:15:29,653 - utils.ssh_client - INFO - 文件夹是否存在: True
2025-09-18 14:15:29,654 - utils.ssh_client - INFO - 是否为目录: True
2025-09-18 14:15:29,655 - utils.ssh_client - INFO - 在 C:\Users\ADMINI~1\AppData\Local\Temp\tmpwt12fgn0 中找到 15 个项目，准备开始传输...
2025-09-18 14:15:29,732 - utils.ssh_client - INFO - 传输完成！共 15 个文件成功上传到 /home/sstl/Disk1/data/silicon/codes/api/upload/20250918_141529_c3397616
2025-09-18 14:15:33,090 - utils.ssh_client - INFO - 远程处理命令输出: 开始处理 process_id: 20250918_141529_c3397616, 文件夹: /home/sstl/Disk1/data/silicon/codes/api/upload/20250918_141529_c3397616
正在加载预训练模型...
load model: /home/sstl/Disk1/data/silicon/models/predgru/checkpoints-ontonet-3-weighted+sobel/model-best-2894.ckpt
正在从 /home/sstl/Disk1/data/silicon/codes/api/upload/20250918_141529_c3397616 加载图片数据...
找到 15 张图片
生成了 1 个序列（每个序列15帧）
正在进行预测...
预测完成，结果已保存到: output/20250918_141529_c3397616/prediction.jpg
✅ 预测成功!
处理ID: 20250918_141529_c3397616
预测结果保存路径: output/20250918_141529_c3397616/prediction.jpg
2025-09-18 14:15:33,139 - utils.ssh_client - INFO - 远程结果文件已生成: /home/sstl/Disk1/data/silicon/codes/api/output/20250918_141529_c3397616/prediction.jpg
2025-09-18 14:15:33,140 - utils.ssh_client - INFO - 准备下载文件: /home/sstl/Disk1/data/silicon/codes/api/output/20250918_141529_c3397616/prediction.jpg -> download\20250918_141529_c3397616\prediction.jpg
2025-09-18 14:15:33,189 - utils.ssh_client - INFO - 成功下载结果文件: download\20250918_141529_c3397616\prediction.jpg
2025-09-18 14:15:33,190 - paramiko.transport.sftp - INFO - [chan 0] sftp session closed.
2025-09-18 14:19:01,119 - main_window - INFO - 界面初始化完成
2025-09-18 14:19:01,119 - main_window - INFO - 日志系统初始化完成
2025-09-18 14:19:04,888 - main_window - INFO - 添加图片: Image0.jpg
2025-09-18 14:19:04,889 - main_window - INFO - 添加图片: Image1.jpg
2025-09-18 14:19:04,890 - main_window - INFO - 添加图片: Image2.jpg
2025-09-18 14:19:04,890 - main_window - INFO - 添加图片: Image3.jpg
2025-09-18 14:19:04,891 - main_window - INFO - 添加图片: Image4.jpg
2025-09-18 14:19:04,891 - main_window - INFO - 添加图片: Image5.jpg
2025-09-18 14:19:04,891 - main_window - INFO - 添加图片: Image6.jpg
2025-09-18 14:19:04,892 - main_window - INFO - 添加图片: Image7.jpg
2025-09-18 14:19:04,892 - main_window - INFO - 添加图片: Image8.jpg
2025-09-18 14:19:04,892 - main_window - INFO - 添加图片: Image9.jpg
2025-09-18 14:19:04,892 - main_window - INFO - 添加图片: Image10.jpg
2025-09-18 14:19:04,893 - main_window - INFO - 添加图片: Image11.jpg
2025-09-18 14:19:04,893 - main_window - INFO - 添加图片: Image12.jpg
2025-09-18 14:19:04,893 - main_window - INFO - 添加图片: Image13.jpg
2025-09-18 14:19:04,894 - main_window - INFO - 添加图片: Image14.jpg
2025-09-18 14:19:05,809 - paramiko.transport - INFO - Connected (version 2.0, client OpenSSH_8.2p1)
2025-09-18 14:19:05,886 - paramiko.transport - INFO - Authentication (publickey) failed.
2025-09-18 14:19:05,902 - paramiko.transport - INFO - Authentication (password) successful!
2025-09-18 14:19:06,059 - paramiko.transport.sftp - INFO - [chan 0] Opened sftp connection (server version 3)
2025-09-18 14:19:06,061 - utils.ssh_client - INFO - 成功连接到服务器
2025-09-18 14:19:06,063 - utils.ssh_client - INFO - 目标远程文件夹路径: /home/sstl/Disk1/data/silicon/codes/api/upload/20250918_141905_32bff6f9
2025-09-18 14:19:06,067 - utils.ssh_client - INFO - 成功创建远程文件夹: /home/sstl/Disk1/data/silicon/codes/api/upload/20250918_141905_32bff6f9
2025-09-18 14:19:06,068 - utils.ssh_client - INFO - 正在检查本地文件夹: C:\Users\ADMINI~1\AppData\Local\Temp\tmpgxqnjhkd
2025-09-18 14:19:06,069 - utils.ssh_client - INFO - 文件夹是否存在: True
2025-09-18 14:19:06,070 - utils.ssh_client - INFO - 是否为目录: True
2025-09-18 14:19:06,070 - utils.ssh_client - INFO - 在 C:\Users\ADMINI~1\AppData\Local\Temp\tmpgxqnjhkd 中找到 15 个项目，准备开始传输...
2025-09-18 14:19:06,154 - utils.ssh_client - INFO - 传输完成！共 15 个文件成功上传到 /home/sstl/Disk1/data/silicon/codes/api/upload/20250918_141905_32bff6f9
2025-09-18 14:19:09,531 - utils.ssh_client - INFO - 远程处理命令输出: 开始处理 process_id: 20250918_141905_32bff6f9, 文件夹: /home/sstl/Disk1/data/silicon/codes/api/upload/20250918_141905_32bff6f9
正在加载预训练模型...
load model: /home/sstl/Disk1/data/silicon/models/predgru/checkpoints-ontonet-3-weighted+sobel/model-best-2894.ckpt
正在从 /home/sstl/Disk1/data/silicon/codes/api/upload/20250918_141905_32bff6f9 加载图片数据...
找到 15 张图片
生成了 1 个序列（每个序列15帧）
正在进行预测...
预测完成，结果已保存到: output/20250918_141905_32bff6f9/prediction.jpg
✅ 预测成功!
处理ID: 20250918_141905_32bff6f9
预测结果保存路径: output/20250918_141905_32bff6f9/prediction.jpg
2025-09-18 14:19:09,581 - utils.ssh_client - INFO - 远程结果文件已生成: /home/sstl/Disk1/data/silicon/codes/api/output/20250918_141905_32bff6f9/prediction.jpg
2025-09-18 14:19:09,583 - utils.ssh_client - INFO - 准备下载文件: /home/sstl/Disk1/data/silicon/codes/api/output/20250918_141905_32bff6f9/prediction.jpg -> download\20250918_141905_32bff6f9\prediction.jpg
2025-09-18 14:19:09,633 - utils.ssh_client - INFO - 成功下载结果文件: download\20250918_141905_32bff6f9\prediction.jpg
2025-09-18 14:19:09,633 - paramiko.transport.sftp - INFO - [chan 0] sftp session closed.
2025-09-18 14:21:13,887 - main_window - INFO - 界面初始化完成
2025-09-18 14:21:13,887 - main_window - INFO - 日志系统初始化完成
2025-09-18 14:21:17,248 - main_window - INFO - 添加图片: Image0.jpg
2025-09-18 14:21:17,249 - main_window - INFO - 添加图片: Image1.jpg
2025-09-18 14:21:17,250 - main_window - INFO - 添加图片: Image2.jpg
2025-09-18 14:21:17,250 - main_window - INFO - 添加图片: Image3.jpg
2025-09-18 14:21:17,251 - main_window - INFO - 添加图片: Image4.jpg
2025-09-18 14:21:17,251 - main_window - INFO - 添加图片: Image5.jpg
2025-09-18 14:21:17,251 - main_window - INFO - 添加图片: Image6.jpg
2025-09-18 14:21:17,251 - main_window - INFO - 添加图片: Image7.jpg
2025-09-18 14:21:17,252 - main_window - INFO - 添加图片: Image8.jpg
2025-09-18 14:21:17,252 - main_window - INFO - 添加图片: Image9.jpg
2025-09-18 14:21:17,252 - main_window - INFO - 添加图片: Image10.jpg
2025-09-18 14:21:17,253 - main_window - INFO - 添加图片: Image11.jpg
2025-09-18 14:21:17,253 - main_window - INFO - 添加图片: Image12.jpg
2025-09-18 14:21:17,253 - main_window - INFO - 添加图片: Image13.jpg
2025-09-18 14:21:17,254 - main_window - INFO - 添加图片: Image14.jpg
2025-09-18 14:21:18,038 - paramiko.transport - INFO - Connected (version 2.0, client OpenSSH_8.2p1)
2025-09-18 14:21:18,111 - paramiko.transport - INFO - Authentication (publickey) failed.
2025-09-18 14:21:18,137 - paramiko.transport - INFO - Authentication (password) successful!
2025-09-18 14:21:18,285 - paramiko.transport.sftp - INFO - [chan 0] Opened sftp connection (server version 3)
2025-09-18 14:21:18,286 - utils.ssh_client - INFO - 成功连接到服务器
2025-09-18 14:21:18,288 - utils.ssh_client - INFO - 目标远程文件夹路径: /home/sstl/Disk1/data/silicon/codes/api/upload/20250918_142118_052c75c5
2025-09-18 14:21:18,290 - utils.ssh_client - INFO - 成功创建远程文件夹: /home/sstl/Disk1/data/silicon/codes/api/upload/20250918_142118_052c75c5
2025-09-18 14:21:18,290 - utils.ssh_client - INFO - 正在检查本地文件夹: C:\Users\ADMINI~1\AppData\Local\Temp\tmpet8g1v0t
2025-09-18 14:21:18,291 - utils.ssh_client - INFO - 文件夹是否存在: True
2025-09-18 14:21:18,292 - utils.ssh_client - INFO - 是否为目录: True
2025-09-18 14:21:18,292 - utils.ssh_client - INFO - 在 C:\Users\ADMINI~1\AppData\Local\Temp\tmpet8g1v0t 中找到 15 个项目，准备开始传输...
2025-09-18 14:21:18,368 - utils.ssh_client - INFO - 传输完成！共 15 个文件成功上传到 /home/sstl/Disk1/data/silicon/codes/api/upload/20250918_142118_052c75c5
2025-09-18 14:21:21,763 - utils.ssh_client - INFO - 远程处理命令输出: 开始处理 process_id: 20250918_142118_052c75c5, 文件夹: /home/sstl/Disk1/data/silicon/codes/api/upload/20250918_142118_052c75c5
正在加载预训练模型...
load model: /home/sstl/Disk1/data/silicon/models/predgru/checkpoints-ontonet-3-weighted+sobel/model-best-2894.ckpt
正在从 /home/sstl/Disk1/data/silicon/codes/api/upload/20250918_142118_052c75c5 加载图片数据...
找到 15 张图片
生成了 1 个序列（每个序列15帧）
正在进行预测...
预测完成，结果已保存到: output/20250918_142118_052c75c5/prediction.jpg
✅ 预测成功!
处理ID: 20250918_142118_052c75c5
预测结果保存路径: output/20250918_142118_052c75c5/prediction.jpg
2025-09-18 14:21:21,813 - utils.ssh_client - INFO - 远程结果文件已生成: /home/sstl/Disk1/data/silicon/codes/api/output/20250918_142118_052c75c5/prediction.jpg
2025-09-18 14:21:21,815 - utils.ssh_client - INFO - 准备下载文件: /home/sstl/Disk1/data/silicon/codes/api/output/20250918_142118_052c75c5/prediction.jpg -> download\20250918_142118_052c75c5\prediction.jpg
2025-09-18 14:21:21,864 - utils.ssh_client - INFO - 成功下载结果文件: download\20250918_142118_052c75c5\prediction.jpg
2025-09-18 14:21:21,864 - paramiko.transport.sftp - INFO - [chan 0] sftp session closed.
2025-09-18 14:22:30,327 - main_window - INFO - 界面初始化完成
2025-09-18 14:22:30,328 - main_window - INFO - 日志系统初始化完成
2025-09-18 14:22:35,231 - main_window - INFO - 添加图片: Image0.jpg
2025-09-18 14:22:35,232 - main_window - INFO - 添加图片: Image1.jpg
2025-09-18 14:22:35,232 - main_window - INFO - 添加图片: Image2.jpg
2025-09-18 14:22:35,232 - main_window - INFO - 添加图片: Image3.jpg
2025-09-18 14:22:35,233 - main_window - INFO - 添加图片: Image4.jpg
2025-09-18 14:22:35,233 - main_window - INFO - 添加图片: Image5.jpg
2025-09-18 14:22:35,233 - main_window - INFO - 添加图片: Image6.jpg
2025-09-18 14:22:35,233 - main_window - INFO - 添加图片: Image7.jpg
2025-09-18 14:22:35,234 - main_window - INFO - 添加图片: Image8.jpg
2025-09-18 14:22:35,234 - main_window - INFO - 添加图片: Image9.jpg
2025-09-18 14:22:35,235 - main_window - INFO - 添加图片: Image10.jpg
2025-09-18 14:22:35,235 - main_window - INFO - 添加图片: Image11.jpg
2025-09-18 14:22:35,235 - main_window - INFO - 添加图片: Image12.jpg
2025-09-18 14:22:35,236 - main_window - INFO - 添加图片: Image13.jpg
2025-09-18 14:22:35,236 - main_window - INFO - 添加图片: Image14.jpg
2025-09-18 14:22:36,256 - paramiko.transport - INFO - Connected (version 2.0, client OpenSSH_8.2p1)
2025-09-18 14:22:36,328 - paramiko.transport - INFO - Authentication (publickey) failed.
2025-09-18 14:22:36,367 - paramiko.transport - INFO - Authentication (password) successful!
2025-09-18 14:22:36,518 - paramiko.transport.sftp - INFO - [chan 0] Opened sftp connection (server version 3)
2025-09-18 14:22:36,520 - utils.ssh_client - INFO - 成功连接到服务器
2025-09-18 14:22:36,520 - utils.ssh_client - INFO - 目标远程文件夹路径: /home/sstl/Disk1/data/silicon/codes/api/upload/20250918_142236_774a7efd
2025-09-18 14:22:36,521 - utils.ssh_client - INFO - 成功创建远程文件夹: /home/sstl/Disk1/data/silicon/codes/api/upload/20250918_142236_774a7efd
2025-09-18 14:22:36,522 - utils.ssh_client - INFO - 正在检查本地文件夹: C:\Users\ADMINI~1\AppData\Local\Temp\tmplqzzqmnw
2025-09-18 14:22:36,522 - utils.ssh_client - INFO - 文件夹是否存在: True
2025-09-18 14:22:36,523 - utils.ssh_client - INFO - 是否为目录: True
2025-09-18 14:22:36,523 - utils.ssh_client - INFO - 在 C:\Users\ADMINI~1\AppData\Local\Temp\tmplqzzqmnw 中找到 15 个项目，准备开始传输...
2025-09-18 14:22:36,606 - utils.ssh_client - INFO - 传输完成！共 15 个文件成功上传到 /home/sstl/Disk1/data/silicon/codes/api/upload/20250918_142236_774a7efd
2025-09-18 14:22:39,977 - utils.ssh_client - INFO - 远程处理命令输出: 开始处理 process_id: 20250918_142236_774a7efd, 文件夹: /home/sstl/Disk1/data/silicon/codes/api/upload/20250918_142236_774a7efd
正在加载预训练模型...
load model: /home/sstl/Disk1/data/silicon/models/predgru/checkpoints-ontonet-3-weighted+sobel/model-best-2894.ckpt
正在从 /home/sstl/Disk1/data/silicon/codes/api/upload/20250918_142236_774a7efd 加载图片数据...
找到 15 张图片
生成了 1 个序列（每个序列15帧）
正在进行预测...
预测完成，结果已保存到: output/20250918_142236_774a7efd/prediction.jpg
✅ 预测成功!
处理ID: 20250918_142236_774a7efd
预测结果保存路径: output/20250918_142236_774a7efd/prediction.jpg
2025-09-18 14:22:40,027 - utils.ssh_client - INFO - 远程结果文件已生成: /home/sstl/Disk1/data/silicon/codes/api/output/20250918_142236_774a7efd/prediction.jpg
2025-09-18 14:22:40,029 - utils.ssh_client - INFO - 准备下载文件: /home/sstl/Disk1/data/silicon/codes/api/output/20250918_142236_774a7efd/prediction.jpg -> download\20250918_142236_774a7efd\prediction.jpg
2025-09-18 14:22:40,082 - utils.ssh_client - INFO - 成功下载结果文件: download\20250918_142236_774a7efd\prediction.jpg
2025-09-18 14:22:40,084 - paramiko.transport.sftp - INFO - [chan 0] sftp session closed.
2025-09-18 14:23:10,099 - main_window - INFO - 界面初始化完成
2025-09-18 14:23:10,099 - main_window - INFO - 日志系统初始化完成
2025-09-18 14:23:14,037 - main_window - INFO - 添加图片: Image0.jpg
2025-09-18 14:23:14,038 - main_window - INFO - 添加图片: Image1.jpg
2025-09-18 14:23:14,038 - main_window - INFO - 添加图片: Image2.jpg
2025-09-18 14:23:14,038 - main_window - INFO - 添加图片: Image3.jpg
2025-09-18 14:23:14,039 - main_window - INFO - 添加图片: Image4.jpg
2025-09-18 14:23:14,039 - main_window - INFO - 添加图片: Image5.jpg
2025-09-18 14:23:14,039 - main_window - INFO - 添加图片: Image6.jpg
2025-09-18 14:23:14,039 - main_window - INFO - 添加图片: Image7.jpg
2025-09-18 14:23:14,040 - main_window - INFO - 添加图片: Image8.jpg
2025-09-18 14:23:14,040 - main_window - INFO - 添加图片: Image9.jpg
2025-09-18 14:23:14,041 - main_window - INFO - 添加图片: Image10.jpg
2025-09-18 14:23:14,041 - main_window - INFO - 添加图片: Image11.jpg
2025-09-18 14:23:14,041 - main_window - INFO - 添加图片: Image12.jpg
2025-09-18 14:23:14,041 - main_window - INFO - 添加图片: Image13.jpg
2025-09-18 14:23:14,042 - main_window - INFO - 添加图片: Image14.jpg
2025-09-18 14:23:14,796 - paramiko.transport - INFO - Connected (version 2.0, client OpenSSH_8.2p1)
2025-09-18 14:23:14,865 - paramiko.transport - INFO - Authentication (publickey) failed.
2025-09-18 14:23:14,891 - paramiko.transport - INFO - Authentication (password) successful!
2025-09-18 14:23:15,041 - paramiko.transport.sftp - INFO - [chan 0] Opened sftp connection (server version 3)
2025-09-18 14:23:15,043 - utils.ssh_client - INFO - 成功连接到服务器
2025-09-18 14:23:15,043 - utils.ssh_client - INFO - 目标远程文件夹路径: /home/sstl/Disk1/data/silicon/codes/api/upload/20250918_142314_d34e60ae
2025-09-18 14:23:15,044 - utils.ssh_client - INFO - 成功创建远程文件夹: /home/sstl/Disk1/data/silicon/codes/api/upload/20250918_142314_d34e60ae
2025-09-18 14:23:15,044 - utils.ssh_client - INFO - 正在检查本地文件夹: C:\Users\ADMINI~1\AppData\Local\Temp\tmp2lu9uwry
2025-09-18 14:23:15,045 - utils.ssh_client - INFO - 文件夹是否存在: True
2025-09-18 14:23:15,045 - utils.ssh_client - INFO - 是否为目录: True
2025-09-18 14:23:15,046 - utils.ssh_client - INFO - 在 C:\Users\ADMINI~1\AppData\Local\Temp\tmp2lu9uwry 中找到 15 个项目，准备开始传输...
2025-09-18 14:23:15,119 - utils.ssh_client - INFO - 传输完成！共 15 个文件成功上传到 /home/sstl/Disk1/data/silicon/codes/api/upload/20250918_142314_d34e60ae
2025-09-18 14:23:18,545 - utils.ssh_client - INFO - 远程处理命令输出: 开始处理 process_id: 20250918_142314_d34e60ae, 文件夹: /home/sstl/Disk1/data/silicon/codes/api/upload/20250918_142314_d34e60ae
正在加载预训练模型...
load model: /home/sstl/Disk1/data/silicon/models/predgru/checkpoints-ontonet-3-weighted+sobel/model-best-2894.ckpt
正在从 /home/sstl/Disk1/data/silicon/codes/api/upload/20250918_142314_d34e60ae 加载图片数据...
找到 15 张图片
生成了 1 个序列（每个序列15帧）
正在进行预测...
预测完成，结果已保存到: output/20250918_142314_d34e60ae/prediction.jpg
✅ 预测成功!
处理ID: 20250918_142314_d34e60ae
预测结果保存路径: output/20250918_142314_d34e60ae/prediction.jpg
2025-09-18 14:23:18,595 - utils.ssh_client - INFO - 远程结果文件已生成: /home/sstl/Disk1/data/silicon/codes/api/output/20250918_142314_d34e60ae/prediction.jpg
2025-09-18 14:23:18,596 - utils.ssh_client - INFO - 准备下载文件: /home/sstl/Disk1/data/silicon/codes/api/output/20250918_142314_d34e60ae/prediction.jpg -> download\20250918_142314_d34e60ae\prediction.jpg
2025-09-18 14:24:00,439 - main_window - INFO - 界面初始化完成
2025-09-18 14:24:00,439 - main_window - INFO - 日志系统初始化完成
2025-09-18 14:24:06,763 - main_window - INFO - 界面初始化完成
2025-09-18 14:24:06,763 - main_window - INFO - 日志系统初始化完成
2025-09-18 14:24:09,998 - main_window - INFO - 添加图片: Image0.jpg
2025-09-18 14:24:09,998 - main_window - INFO - 添加图片: Image1.jpg
2025-09-18 14:24:09,999 - main_window - INFO - 添加图片: Image2.jpg
2025-09-18 14:24:09,999 - main_window - INFO - 添加图片: Image3.jpg
2025-09-18 14:24:09,999 - main_window - INFO - 添加图片: Image4.jpg
2025-09-18 14:24:09,999 - main_window - INFO - 添加图片: Image5.jpg
2025-09-18 14:24:10,000 - main_window - INFO - 添加图片: Image6.jpg
2025-09-18 14:24:10,000 - main_window - INFO - 添加图片: Image7.jpg
2025-09-18 14:24:10,001 - main_window - INFO - 添加图片: Image8.jpg
2025-09-18 14:24:10,001 - main_window - INFO - 添加图片: Image9.jpg
2025-09-18 14:24:10,001 - main_window - INFO - 添加图片: Image10.jpg
2025-09-18 14:24:10,001 - main_window - INFO - 添加图片: Image11.jpg
2025-09-18 14:24:10,002 - main_window - INFO - 添加图片: Image12.jpg
2025-09-18 14:24:10,002 - main_window - INFO - 添加图片: Image13.jpg
2025-09-18 14:24:10,002 - main_window - INFO - 添加图片: Image14.jpg
2025-09-18 14:24:10,508 - paramiko.transport - INFO - Connected (version 2.0, client OpenSSH_8.2p1)
2025-09-18 14:24:10,581 - paramiko.transport - INFO - Authentication (publickey) failed.
2025-09-18 14:24:10,608 - paramiko.transport - INFO - Authentication (password) successful!
2025-09-18 14:24:10,754 - paramiko.transport.sftp - INFO - [chan 0] Opened sftp connection (server version 3)
2025-09-18 14:24:10,755 - utils.ssh_client - INFO - 成功连接到服务器
2025-09-18 14:24:10,756 - utils.ssh_client - INFO - 目标远程文件夹路径: /home/sstl/Disk1/data/silicon/codes/api/upload/20250918_142410_53fb9936
2025-09-18 14:24:10,759 - utils.ssh_client - INFO - 成功创建远程文件夹: /home/sstl/Disk1/data/silicon/codes/api/upload/20250918_142410_53fb9936
2025-09-18 14:24:10,760 - utils.ssh_client - INFO - 正在检查本地文件夹: C:\Users\ADMINI~1\AppData\Local\Temp\tmp3jnq0h3q
2025-09-18 14:24:10,760 - utils.ssh_client - INFO - 文件夹是否存在: True
2025-09-18 14:24:10,761 - utils.ssh_client - INFO - 是否为目录: True
2025-09-18 14:24:10,761 - utils.ssh_client - INFO - 在 C:\Users\ADMINI~1\AppData\Local\Temp\tmp3jnq0h3q 中找到 15 个项目，准备开始传输...
2025-09-18 14:24:10,835 - utils.ssh_client - INFO - 传输完成！共 15 个文件成功上传到 /home/sstl/Disk1/data/silicon/codes/api/upload/20250918_142410_53fb9936
2025-09-18 14:24:14,228 - utils.ssh_client - INFO - 远程处理命令输出: 开始处理 process_id: 20250918_142410_53fb9936, 文件夹: /home/sstl/Disk1/data/silicon/codes/api/upload/20250918_142410_53fb9936
正在加载预训练模型...
load model: /home/sstl/Disk1/data/silicon/models/predgru/checkpoints-ontonet-3-weighted+sobel/model-best-2894.ckpt
正在从 /home/sstl/Disk1/data/silicon/codes/api/upload/20250918_142410_53fb9936 加载图片数据...
找到 15 张图片
生成了 1 个序列（每个序列15帧）
正在进行预测...
预测完成，结果已保存到: output/20250918_142410_53fb9936/prediction.jpg
✅ 预测成功!
处理ID: 20250918_142410_53fb9936
预测结果保存路径: output/20250918_142410_53fb9936/prediction.jpg
2025-09-18 14:24:14,278 - utils.ssh_client - INFO - 远程结果文件已生成: /home/sstl/Disk1/data/silicon/codes/api/output/20250918_142410_53fb9936/prediction.jpg
2025-09-18 14:24:14,279 - utils.ssh_client - INFO - 准备下载文件: /home/sstl/Disk1/data/silicon/codes/api/output/20250918_142410_53fb9936/prediction.jpg -> download\20250918_142410_53fb9936\prediction.jpg
2025-09-18 14:24:14,329 - utils.ssh_client - INFO - 成功下载结果文件: download\20250918_142410_53fb9936\prediction.jpg
2025-09-18 14:24:14,330 - paramiko.transport.sftp - INFO - [chan 0] sftp session closed.
2025-09-18 14:24:20,472 - paramiko.transport - INFO - Connected (version 2.0, client OpenSSH_8.2p1)
2025-09-18 14:24:20,536 - paramiko.transport - INFO - Authentication (publickey) failed.
2025-09-18 14:24:20,562 - paramiko.transport - INFO - Authentication (password) successful!
2025-09-18 14:24:20,701 - paramiko.transport.sftp - INFO - [chan 0] Opened sftp connection (server version 3)
2025-09-18 14:24:20,702 - utils.ssh_client - INFO - 成功连接到服务器
2025-09-18 14:24:20,703 - utils.ssh_client - INFO - 目标远程文件夹路径: /home/sstl/Disk1/data/silicon/codes/api/upload/20250918_142420_ff7b89d1
2025-09-18 14:24:20,704 - utils.ssh_client - INFO - 成功创建远程文件夹: /home/sstl/Disk1/data/silicon/codes/api/upload/20250918_142420_ff7b89d1
2025-09-18 14:24:20,704 - utils.ssh_client - INFO - 正在检查本地文件夹: C:\Users\ADMINI~1\AppData\Local\Temp\tmp6q7l9usw
2025-09-18 14:24:20,705 - utils.ssh_client - INFO - 文件夹是否存在: True
2025-09-18 14:24:20,705 - utils.ssh_client - INFO - 是否为目录: True
2025-09-18 14:24:20,705 - utils.ssh_client - INFO - 在 C:\Users\ADMINI~1\AppData\Local\Temp\tmp6q7l9usw 中找到 15 个项目，准备开始传输...
2025-09-18 14:24:20,779 - utils.ssh_client - INFO - 传输完成！共 15 个文件成功上传到 /home/sstl/Disk1/data/silicon/codes/api/upload/20250918_142420_ff7b89d1
2025-09-18 14:24:24,168 - utils.ssh_client - INFO - 远程处理命令输出: 开始处理 process_id: 20250918_142420_ff7b89d1, 文件夹: /home/sstl/Disk1/data/silicon/codes/api/upload/20250918_142420_ff7b89d1
正在加载预训练模型...
load model: /home/sstl/Disk1/data/silicon/models/predgru/checkpoints-ontonet-3-weighted+sobel/model-best-2894.ckpt
正在从 /home/sstl/Disk1/data/silicon/codes/api/upload/20250918_142420_ff7b89d1 加载图片数据...
找到 15 张图片
生成了 1 个序列（每个序列15帧）
正在进行预测...
预测完成，结果已保存到: output/20250918_142420_ff7b89d1/prediction.jpg
✅ 预测成功!
处理ID: 20250918_142420_ff7b89d1
预测结果保存路径: output/20250918_142420_ff7b89d1/prediction.jpg
2025-09-18 14:24:24,219 - utils.ssh_client - INFO - 远程结果文件已生成: /home/sstl/Disk1/data/silicon/codes/api/output/20250918_142420_ff7b89d1/prediction.jpg
2025-09-18 14:24:24,221 - utils.ssh_client - INFO - 准备下载文件: /home/sstl/Disk1/data/silicon/codes/api/output/20250918_142420_ff7b89d1/prediction.jpg -> download\20250918_142420_ff7b89d1\prediction.jpg
2025-09-18 14:24:24,293 - utils.ssh_client - INFO - 成功下载结果文件: download\20250918_142420_ff7b89d1\prediction.jpg
2025-09-18 14:24:24,294 - paramiko.transport.sftp - INFO - [chan 0] sftp session closed.
2025-09-18 14:24:45,455 - paramiko.transport - INFO - Connected (version 2.0, client OpenSSH_8.2p1)
2025-09-18 14:24:45,528 - paramiko.transport - INFO - Authentication (publickey) failed.
2025-09-18 14:24:45,554 - paramiko.transport - INFO - Authentication (password) successful!
2025-09-18 14:24:45,721 - paramiko.transport.sftp - INFO - [chan 0] Opened sftp connection (server version 3)
2025-09-18 14:24:45,723 - utils.ssh_client - INFO - 成功连接到服务器
2025-09-18 14:24:45,723 - utils.ssh_client - INFO - 目标远程文件夹路径: /home/sstl/Disk1/data/silicon/codes/api/upload/20250918_142445_f611ad20
2025-09-18 14:24:45,725 - utils.ssh_client - INFO - 成功创建远程文件夹: /home/sstl/Disk1/data/silicon/codes/api/upload/20250918_142445_f611ad20
2025-09-18 14:24:45,725 - utils.ssh_client - INFO - 正在检查本地文件夹: C:\Users\ADMINI~1\AppData\Local\Temp\tmpmiytlbwp
2025-09-18 14:24:45,726 - utils.ssh_client - INFO - 文件夹是否存在: True
2025-09-18 14:24:45,726 - utils.ssh_client - INFO - 是否为目录: True
2025-09-18 14:24:45,727 - utils.ssh_client - INFO - 在 C:\Users\ADMINI~1\AppData\Local\Temp\tmpmiytlbwp 中找到 15 个项目，准备开始传输...
2025-09-18 14:24:45,813 - utils.ssh_client - INFO - 传输完成！共 15 个文件成功上传到 /home/sstl/Disk1/data/silicon/codes/api/upload/20250918_142445_f611ad20
2025-09-18 14:24:49,202 - utils.ssh_client - INFO - 远程处理命令输出: 开始处理 process_id: 20250918_142445_f611ad20, 文件夹: /home/sstl/Disk1/data/silicon/codes/api/upload/20250918_142445_f611ad20
正在加载预训练模型...
load model: /home/sstl/Disk1/data/silicon/models/predgru/checkpoints-ontonet-3-weighted+sobel/model-best-2894.ckpt
正在从 /home/sstl/Disk1/data/silicon/codes/api/upload/20250918_142445_f611ad20 加载图片数据...
找到 15 张图片
生成了 1 个序列（每个序列15帧）
正在进行预测...
预测完成，结果已保存到: output/20250918_142445_f611ad20/prediction.jpg
✅ 预测成功!
处理ID: 20250918_142445_f611ad20
预测结果保存路径: output/20250918_142445_f611ad20/prediction.jpg
2025-09-18 14:24:49,250 - utils.ssh_client - INFO - 远程结果文件已生成: /home/sstl/Disk1/data/silicon/codes/api/output/20250918_142445_f611ad20/prediction.jpg
2025-09-18 14:24:49,251 - utils.ssh_client - INFO - 准备下载文件: /home/sstl/Disk1/data/silicon/codes/api/output/20250918_142445_f611ad20/prediction.jpg -> download\20250918_142445_f611ad20\prediction.jpg
2025-09-18 14:24:49,301 - utils.ssh_client - INFO - 成功下载结果文件: download\20250918_142445_f611ad20\prediction.jpg
2025-09-18 14:24:49,302 - paramiko.transport.sftp - INFO - [chan 0] sftp session closed.
2025-09-18 14:24:55,423 - paramiko.transport - INFO - Connected (version 2.0, client OpenSSH_8.2p1)
2025-09-18 14:24:55,488 - paramiko.transport - INFO - Authentication (publickey) failed.
2025-09-18 14:24:55,513 - paramiko.transport - INFO - Authentication (password) successful!
2025-09-18 14:24:55,664 - paramiko.transport.sftp - INFO - [chan 0] Opened sftp connection (server version 3)
2025-09-18 14:24:55,666 - utils.ssh_client - INFO - 成功连接到服务器
2025-09-18 14:24:55,666 - utils.ssh_client - INFO - 目标远程文件夹路径: /home/sstl/Disk1/data/silicon/codes/api/upload/20250918_142455_f6360c91
2025-09-18 14:24:55,668 - utils.ssh_client - INFO - 成功创建远程文件夹: /home/sstl/Disk1/data/silicon/codes/api/upload/20250918_142455_f6360c91
2025-09-18 14:24:55,668 - utils.ssh_client - INFO - 正在检查本地文件夹: C:\Users\ADMINI~1\AppData\Local\Temp\tmppml_6fbs
2025-09-18 14:24:55,669 - utils.ssh_client - INFO - 文件夹是否存在: True
2025-09-18 14:24:55,669 - utils.ssh_client - INFO - 是否为目录: True
2025-09-18 14:24:55,670 - utils.ssh_client - INFO - 在 C:\Users\ADMINI~1\AppData\Local\Temp\tmppml_6fbs 中找到 15 个项目，准备开始传输...
2025-09-18 14:24:55,748 - utils.ssh_client - INFO - 传输完成！共 15 个文件成功上传到 /home/sstl/Disk1/data/silicon/codes/api/upload/20250918_142455_f6360c91
2025-09-18 14:24:59,122 - utils.ssh_client - INFO - 远程处理命令输出: 开始处理 process_id: 20250918_142455_f6360c91, 文件夹: /home/sstl/Disk1/data/silicon/codes/api/upload/20250918_142455_f6360c91
正在加载预训练模型...
load model: /home/sstl/Disk1/data/silicon/models/predgru/checkpoints-ontonet-3-weighted+sobel/model-best-2894.ckpt
正在从 /home/sstl/Disk1/data/silicon/codes/api/upload/20250918_142455_f6360c91 加载图片数据...
找到 15 张图片
生成了 1 个序列（每个序列15帧）
正在进行预测...
预测完成，结果已保存到: output/20250918_142455_f6360c91/prediction.jpg
✅ 预测成功!
处理ID: 20250918_142455_f6360c91
预测结果保存路径: output/20250918_142455_f6360c91/prediction.jpg
2025-09-18 14:24:59,169 - utils.ssh_client - INFO - 远程结果文件已生成: /home/sstl/Disk1/data/silicon/codes/api/output/20250918_142455_f6360c91/prediction.jpg
2025-09-18 14:24:59,171 - utils.ssh_client - INFO - 准备下载文件: /home/sstl/Disk1/data/silicon/codes/api/output/20250918_142455_f6360c91/prediction.jpg -> download\20250918_142455_f6360c91\prediction.jpg
2025-09-18 14:24:59,224 - utils.ssh_client - INFO - 成功下载结果文件: download\20250918_142455_f6360c91\prediction.jpg
2025-09-18 14:24:59,224 - paramiko.transport.sftp - INFO - [chan 0] sftp session closed.
2025-09-18 14:25:07,751 - main_window - INFO - 界面初始化完成
2025-09-18 14:25:07,751 - main_window - INFO - 日志系统初始化完成
2025-09-18 14:25:11,388 - main_window - INFO - 添加图片: Image0.jpg
2025-09-18 14:25:11,389 - main_window - INFO - 添加图片: Image1.jpg
2025-09-18 14:25:11,390 - main_window - INFO - 添加图片: Image2.jpg
2025-09-18 14:25:11,390 - main_window - INFO - 添加图片: Image3.jpg
2025-09-18 14:25:11,390 - main_window - INFO - 添加图片: Image4.jpg
2025-09-18 14:25:11,390 - main_window - INFO - 添加图片: Image5.jpg
2025-09-18 14:25:11,391 - main_window - INFO - 添加图片: Image6.jpg
2025-09-18 14:25:11,391 - main_window - INFO - 添加图片: Image7.jpg
2025-09-18 14:25:11,392 - main_window - INFO - 添加图片: Image8.jpg
2025-09-18 14:25:11,392 - main_window - INFO - 添加图片: Image9.jpg
2025-09-18 14:25:11,392 - main_window - INFO - 添加图片: Image10.jpg
2025-09-18 14:25:11,392 - main_window - INFO - 添加图片: Image11.jpg
2025-09-18 14:25:11,393 - main_window - INFO - 添加图片: Image12.jpg
2025-09-18 14:25:11,393 - main_window - INFO - 添加图片: Image13.jpg
2025-09-18 14:25:11,393 - main_window - INFO - 添加图片: Image14.jpg
2025-09-18 14:25:12,276 - paramiko.transport - INFO - Connected (version 2.0, client OpenSSH_8.2p1)
2025-09-18 14:25:12,344 - paramiko.transport - INFO - Authentication (publickey) failed.
2025-09-18 14:25:12,371 - paramiko.transport - INFO - Authentication (password) successful!
2025-09-18 14:25:12,524 - paramiko.transport.sftp - INFO - [chan 0] Opened sftp connection (server version 3)
2025-09-18 14:25:12,526 - utils.ssh_client - INFO - 成功连接到服务器
2025-09-18 14:25:12,526 - utils.ssh_client - INFO - 目标远程文件夹路径: /home/sstl/Disk1/data/silicon/codes/api/upload/20250918_142512_ec983030
2025-09-18 14:25:12,528 - utils.ssh_client - INFO - 成功创建远程文件夹: /home/sstl/Disk1/data/silicon/codes/api/upload/20250918_142512_ec983030
2025-09-18 14:25:12,528 - utils.ssh_client - INFO - 正在检查本地文件夹: C:\Users\ADMINI~1\AppData\Local\Temp\tmpwll9szvs
2025-09-18 14:25:12,529 - utils.ssh_client - INFO - 文件夹是否存在: True
2025-09-18 14:25:12,529 - utils.ssh_client - INFO - 是否为目录: True
2025-09-18 14:25:12,530 - utils.ssh_client - INFO - 在 C:\Users\ADMINI~1\AppData\Local\Temp\tmpwll9szvs 中找到 15 个项目，准备开始传输...
2025-09-18 14:25:12,610 - utils.ssh_client - INFO - 传输完成！共 15 个文件成功上传到 /home/sstl/Disk1/data/silicon/codes/api/upload/20250918_142512_ec983030
2025-09-18 14:25:16,026 - utils.ssh_client - INFO - 远程处理命令输出: 开始处理 process_id: 20250918_142512_ec983030, 文件夹: /home/sstl/Disk1/data/silicon/codes/api/upload/20250918_142512_ec983030
正在加载预训练模型...
load model: /home/sstl/Disk1/data/silicon/models/predgru/checkpoints-ontonet-3-weighted+sobel/model-best-2894.ckpt
正在从 /home/sstl/Disk1/data/silicon/codes/api/upload/20250918_142512_ec983030 加载图片数据...
找到 15 张图片
生成了 1 个序列（每个序列15帧）
正在进行预测...
预测完成，结果已保存到: output/20250918_142512_ec983030/prediction.jpg
✅ 预测成功!
处理ID: 20250918_142512_ec983030
预测结果保存路径: output/20250918_142512_ec983030/prediction.jpg
2025-09-18 14:25:16,081 - utils.ssh_client - INFO - 远程结果文件已生成: /home/sstl/Disk1/data/silicon/codes/api/output/20250918_142512_ec983030/prediction.jpg
2025-09-18 14:25:16,082 - utils.ssh_client - INFO - 准备下载文件: /home/sstl/Disk1/data/silicon/codes/api/output/20250918_142512_ec983030/prediction.jpg -> download\20250918_142512_ec983030\prediction.jpg
2025-09-18 14:25:16,131 - utils.ssh_client - INFO - 成功下载结果文件: download\20250918_142512_ec983030\prediction.jpg
2025-09-18 14:25:16,132 - paramiko.transport.sftp - INFO - [chan 0] sftp session closed.
2025-09-18 14:25:21,363 - main_window - INFO - 添加图片: Image0.jpg
2025-09-18 14:25:21,364 - main_window - INFO - 添加图片: Image1.jpg
2025-09-18 14:25:21,364 - main_window - INFO - 添加图片: Image2.jpg
2025-09-18 14:25:21,364 - main_window - INFO - 添加图片: Image3.jpg
2025-09-18 14:25:21,365 - main_window - INFO - 添加图片: Image4.jpg
2025-09-18 14:25:21,365 - main_window - INFO - 添加图片: Image5.jpg
2025-09-18 14:25:21,365 - main_window - INFO - 添加图片: Image6.jpg
2025-09-18 14:25:21,366 - main_window - INFO - 添加图片: Image7.jpg
2025-09-18 14:25:21,366 - main_window - INFO - 添加图片: Image8.jpg
2025-09-18 14:25:21,366 - main_window - INFO - 添加图片: Image9.jpg
2025-09-18 14:25:21,367 - main_window - INFO - 添加图片: Image10.jpg
2025-09-18 14:25:21,367 - main_window - INFO - 添加图片: Image11.jpg
2025-09-18 14:25:21,367 - main_window - INFO - 添加图片: Image12.jpg
2025-09-18 14:25:21,368 - main_window - INFO - 添加图片: Image13.jpg
2025-09-18 14:25:21,368 - main_window - INFO - 添加图片: Image14.jpg
2025-09-18 14:25:22,047 - paramiko.transport - INFO - Connected (version 2.0, client OpenSSH_8.2p1)
2025-09-18 14:25:22,117 - paramiko.transport - INFO - Authentication (publickey) failed.
2025-09-18 14:25:22,142 - paramiko.transport - INFO - Authentication (password) successful!
2025-09-18 14:25:22,309 - paramiko.transport.sftp - INFO - [chan 0] Opened sftp connection (server version 3)
2025-09-18 14:25:22,311 - utils.ssh_client - INFO - 成功连接到服务器
2025-09-18 14:25:22,311 - utils.ssh_client - INFO - 目标远程文件夹路径: /home/sstl/Disk1/data/silicon/codes/api/upload/20250918_142522_fee35d98
2025-09-18 14:25:22,313 - utils.ssh_client - INFO - 成功创建远程文件夹: /home/sstl/Disk1/data/silicon/codes/api/upload/20250918_142522_fee35d98
2025-09-18 14:25:22,314 - utils.ssh_client - INFO - 正在检查本地文件夹: C:\Users\ADMINI~1\AppData\Local\Temp\tmpl96ax2ee
2025-09-18 14:25:22,314 - utils.ssh_client - INFO - 文件夹是否存在: True
2025-09-18 14:25:22,315 - utils.ssh_client - INFO - 是否为目录: True
2025-09-18 14:25:22,315 - utils.ssh_client - INFO - 在 C:\Users\ADMINI~1\AppData\Local\Temp\tmpl96ax2ee 中找到 15 个项目，准备开始传输...
2025-09-18 14:25:22,420 - utils.ssh_client - INFO - 传输完成！共 15 个文件成功上传到 /home/sstl/Disk1/data/silicon/codes/api/upload/20250918_142522_fee35d98
2025-09-18 14:25:25,740 - utils.ssh_client - INFO - 远程处理命令输出: 开始处理 process_id: 20250918_142522_fee35d98, 文件夹: /home/sstl/Disk1/data/silicon/codes/api/upload/20250918_142522_fee35d98
正在加载预训练模型...
load model: /home/sstl/Disk1/data/silicon/models/predgru/checkpoints-ontonet-3-weighted+sobel/model-best-2894.ckpt
正在从 /home/sstl/Disk1/data/silicon/codes/api/upload/20250918_142522_fee35d98 加载图片数据...
找到 15 张图片
生成了 1 个序列（每个序列15帧）
正在进行预测...
预测完成，结果已保存到: output/20250918_142522_fee35d98/prediction.jpg
✅ 预测成功!
处理ID: 20250918_142522_fee35d98
预测结果保存路径: output/20250918_142522_fee35d98/prediction.jpg
2025-09-18 14:25:25,789 - utils.ssh_client - INFO - 远程结果文件已生成: /home/sstl/Disk1/data/silicon/codes/api/output/20250918_142522_fee35d98/prediction.jpg
2025-09-18 14:25:25,790 - utils.ssh_client - INFO - 准备下载文件: /home/sstl/Disk1/data/silicon/codes/api/output/20250918_142522_fee35d98/prediction.jpg -> download\20250918_142522_fee35d98\prediction.jpg
2025-09-18 14:25:25,843 - utils.ssh_client - INFO - 成功下载结果文件: download\20250918_142522_fee35d98\prediction.jpg
2025-09-18 14:25:25,844 - paramiko.transport.sftp - INFO - [chan 0] sftp session closed.
2025-09-18 14:25:27,087 - main_window - INFO - 应用程序关闭
2025-09-18 14:25:34,971 - main_window - INFO - 界面初始化完成
2025-09-18 14:25:34,971 - main_window - INFO - 日志系统初始化完成
2025-09-18 14:25:38,116 - main_window - INFO - 添加图片: Image0.jpg
2025-09-18 14:25:38,116 - main_window - INFO - 添加图片: Image1.jpg
2025-09-18 14:25:38,117 - main_window - INFO - 添加图片: Image2.jpg
2025-09-18 14:25:38,117 - main_window - INFO - 添加图片: Image3.jpg
2025-09-18 14:25:38,117 - main_window - INFO - 添加图片: Image4.jpg
2025-09-18 14:25:38,117 - main_window - INFO - 添加图片: Image5.jpg
2025-09-18 14:25:38,118 - main_window - INFO - 添加图片: Image6.jpg
2025-09-18 14:25:38,118 - main_window - INFO - 添加图片: Image7.jpg
2025-09-18 14:25:38,119 - main_window - INFO - 添加图片: Image8.jpg
2025-09-18 14:25:38,119 - main_window - INFO - 添加图片: Image9.jpg
2025-09-18 14:25:38,119 - main_window - INFO - 添加图片: Image10.jpg
2025-09-18 14:25:38,119 - main_window - INFO - 添加图片: Image11.jpg
2025-09-18 14:25:38,120 - main_window - INFO - 添加图片: Image12.jpg
2025-09-18 14:25:38,120 - main_window - INFO - 添加图片: Image13.jpg
2025-09-18 14:25:38,120 - main_window - INFO - 添加图片: Image14.jpg
2025-09-18 14:25:38,772 - paramiko.transport - INFO - Connected (version 2.0, client OpenSSH_8.2p1)
2025-09-18 14:25:38,843 - paramiko.transport - INFO - Authentication (publickey) failed.
2025-09-18 14:25:38,869 - paramiko.transport - INFO - Authentication (password) successful!
2025-09-18 14:25:39,001 - paramiko.transport.sftp - INFO - [chan 0] Opened sftp connection (server version 3)
2025-09-18 14:25:39,003 - utils.ssh_client - INFO - 成功连接到服务器
2025-09-18 14:25:39,004 - utils.ssh_client - INFO - 目标远程文件夹路径: /home/sstl/Disk1/data/silicon/codes/api/upload/20250918_142538_52756dae
2025-09-18 14:25:39,005 - utils.ssh_client - INFO - 成功创建远程文件夹: /home/sstl/Disk1/data/silicon/codes/api/upload/20250918_142538_52756dae
2025-09-18 14:25:39,005 - utils.ssh_client - INFO - 正在检查本地文件夹: C:\Users\ADMINI~1\AppData\Local\Temp\tmpn7wjvq_i
2025-09-18 14:25:39,006 - utils.ssh_client - INFO - 文件夹是否存在: True
2025-09-18 14:25:39,006 - utils.ssh_client - INFO - 是否为目录: True
2025-09-18 14:25:39,007 - utils.ssh_client - INFO - 在 C:\Users\ADMINI~1\AppData\Local\Temp\tmpn7wjvq_i 中找到 15 个项目，准备开始传输...
2025-09-18 14:25:39,083 - utils.ssh_client - INFO - 传输完成！共 15 个文件成功上传到 /home/sstl/Disk1/data/silicon/codes/api/upload/20250918_142538_52756dae
2025-09-18 14:25:42,488 - utils.ssh_client - INFO - 远程处理命令输出: 开始处理 process_id: 20250918_142538_52756dae, 文件夹: /home/sstl/Disk1/data/silicon/codes/api/upload/20250918_142538_52756dae
正在加载预训练模型...
load model: /home/sstl/Disk1/data/silicon/models/predgru/checkpoints-ontonet-3-weighted+sobel/model-best-2894.ckpt
正在从 /home/sstl/Disk1/data/silicon/codes/api/upload/20250918_142538_52756dae 加载图片数据...
找到 15 张图片
生成了 1 个序列（每个序列15帧）
正在进行预测...
预测完成，结果已保存到: output/20250918_142538_52756dae/prediction.jpg
✅ 预测成功!
处理ID: 20250918_142538_52756dae
预测结果保存路径: output/20250918_142538_52756dae/prediction.jpg
2025-09-18 14:25:42,537 - utils.ssh_client - INFO - 远程结果文件已生成: /home/sstl/Disk1/data/silicon/codes/api/output/20250918_142538_52756dae/prediction.jpg
2025-09-18 14:25:42,539 - utils.ssh_client - INFO - 准备下载文件: /home/sstl/Disk1/data/silicon/codes/api/output/20250918_142538_52756dae/prediction.jpg -> download\20250918_142538_52756dae\prediction.jpg
2025-09-18 14:25:42,589 - utils.ssh_client - INFO - 成功下载结果文件: download\20250918_142538_52756dae\prediction.jpg
2025-09-18 14:25:42,589 - paramiko.transport.sftp - INFO - [chan 0] sftp session closed.
2025-09-18 14:25:44,655 - main_window - INFO - 应用程序关闭
2025-09-18 14:32:58,087 - main_window - ERROR - 缺少必需的环境变量: SSH_HOST, SSH_USERNAME, SSH_PASSWORD, SSH_REMOTE_BASE_PATH
2025-09-18 14:32:58,236 - main_window - INFO - 界面初始化完成
2025-09-18 14:32:58,237 - main_window - INFO - 日志系统初始化完成
2025-09-18 14:33:09,816 - main_window - INFO - 添加图片: Image0.jpg
2025-09-18 14:33:09,817 - main_window - INFO - 添加图片: Image1.jpg
2025-09-18 14:33:09,817 - main_window - INFO - 添加图片: Image2.jpg
2025-09-18 14:33:09,817 - main_window - INFO - 添加图片: Image3.jpg
2025-09-18 14:33:09,817 - main_window - INFO - 添加图片: Image4.jpg
2025-09-18 14:33:09,818 - main_window - INFO - 添加图片: Image5.jpg
2025-09-18 14:33:09,818 - main_window - INFO - 添加图片: Image6.jpg
2025-09-18 14:33:09,818 - main_window - INFO - 添加图片: Image7.jpg
2025-09-18 14:33:09,819 - main_window - INFO - 添加图片: Image8.jpg
2025-09-18 14:33:09,819 - main_window - INFO - 添加图片: Image9.jpg
2025-09-18 14:33:09,819 - main_window - INFO - 添加图片: Image10.jpg
2025-09-18 14:33:09,820 - main_window - INFO - 添加图片: Image11.jpg
2025-09-18 14:33:09,820 - main_window - INFO - 添加图片: Image12.jpg
2025-09-18 14:33:09,820 - main_window - INFO - 添加图片: Image13.jpg
2025-09-18 14:33:09,820 - main_window - INFO - 添加图片: Image14.jpg
2025-09-18 14:35:43,535 - main_window - INFO - 应用程序关闭
2025-09-18 14:35:46,120 - main_window - INFO - 界面初始化完成
2025-09-18 14:35:46,121 - main_window - INFO - 日志系统初始化完成
2025-09-18 14:35:50,142 - main_window - INFO - 添加图片: Image0.jpg
2025-09-18 14:35:50,143 - main_window - INFO - 添加图片: Image1.jpg
2025-09-18 14:35:50,143 - main_window - INFO - 添加图片: Image2.jpg
2025-09-18 14:35:50,144 - main_window - INFO - 添加图片: Image3.jpg
2025-09-18 14:35:50,144 - main_window - INFO - 添加图片: Image4.jpg
2025-09-18 14:35:50,144 - main_window - INFO - 添加图片: Image5.jpg
2025-09-18 14:35:50,144 - main_window - INFO - 添加图片: Image6.jpg
2025-09-18 14:35:50,145 - main_window - INFO - 添加图片: Image7.jpg
2025-09-18 14:35:50,145 - main_window - INFO - 添加图片: Image8.jpg
2025-09-18 14:35:50,146 - main_window - INFO - 添加图片: Image9.jpg
2025-09-18 14:35:50,146 - main_window - INFO - 添加图片: Image10.jpg
2025-09-18 14:35:50,146 - main_window - INFO - 添加图片: Image11.jpg
2025-09-18 14:35:50,146 - main_window - INFO - 添加图片: Image12.jpg
2025-09-18 14:35:50,147 - main_window - INFO - 添加图片: Image13.jpg
2025-09-18 14:35:50,147 - main_window - INFO - 添加图片: Image14.jpg
2025-09-18 14:35:51,287 - paramiko.transport - INFO - Connected (version 2.0, client OpenSSH_8.2p1)
2025-09-18 14:35:51,366 - paramiko.transport - INFO - Authentication (publickey) failed.
2025-09-18 14:35:51,391 - paramiko.transport - INFO - Authentication (password) successful!
2025-09-18 14:35:51,558 - paramiko.transport.sftp - INFO - [chan 0] Opened sftp connection (server version 3)
2025-09-18 14:35:51,560 - utils.ssh_client - INFO - 成功连接到服务器
2025-09-18 14:35:51,560 - utils.ssh_client - INFO - 目标远程文件夹路径: /home/sstl/Disk1/data/silicon/codes/api/upload/20250918_143551_76c6549a
2025-09-18 14:35:51,562 - utils.ssh_client - INFO - 成功创建远程文件夹: /home/sstl/Disk1/data/silicon/codes/api/upload/20250918_143551_76c6549a
2025-09-18 14:35:51,562 - utils.ssh_client - INFO - 正在检查本地文件夹: C:\Users\ADMINI~1\AppData\Local\Temp\tmp083xfems
2025-09-18 14:35:51,563 - utils.ssh_client - INFO - 文件夹是否存在: True
2025-09-18 14:35:51,563 - utils.ssh_client - INFO - 是否为目录: True
2025-09-18 14:35:51,564 - utils.ssh_client - INFO - 在 C:\Users\ADMINI~1\AppData\Local\Temp\tmp083xfems 中找到 15 个项目，准备开始传输...
2025-09-18 14:35:51,639 - utils.ssh_client - INFO - 传输完成！共 15 个文件成功上传到 /home/sstl/Disk1/data/silicon/codes/api/upload/20250918_143551_76c6549a
2025-09-18 14:35:54,940 - utils.ssh_client - INFO - 远程处理命令输出: 开始处理 process_id: 20250918_143551_76c6549a, 文件夹: /home/sstl/Disk1/data/silicon/codes/api/upload/20250918_143551_76c6549a
正在加载预训练模型...
load model: /home/sstl/Disk1/data/silicon/models/predgru/checkpoints-ontonet-3-weighted+sobel/model-best-2894.ckpt
正在从 /home/sstl/Disk1/data/silicon/codes/api/upload/20250918_143551_76c6549a 加载图片数据...
找到 15 张图片
生成了 1 个序列（每个序列15帧）
正在进行预测...
预测完成，结果已保存到: output/20250918_143551_76c6549a/prediction.jpg
✅ 预测成功!
处理ID: 20250918_143551_76c6549a
预测结果保存路径: output/20250918_143551_76c6549a/prediction.jpg
2025-09-18 14:35:54,987 - utils.ssh_client - INFO - 远程结果文件已生成: /home/sstl/Disk1/data/silicon/codes/api/output/20250918_143551_76c6549a/prediction.jpg
2025-09-18 14:35:54,989 - utils.ssh_client - INFO - 准备下载文件: /home/sstl/Disk1/data/silicon/codes/api/output/20250918_143551_76c6549a/prediction.jpg -> download\20250918_143551_76c6549a\prediction.jpg
2025-09-18 14:35:55,037 - utils.ssh_client - INFO - 成功下载结果文件: download\20250918_143551_76c6549a\prediction.jpg
2025-09-18 14:35:55,038 - paramiko.transport.sftp - INFO - [chan 0] sftp session closed.
2025-09-18 14:35:55,038 - utils.ssh_client - INFO - SFTP连接已关闭
2025-09-18 14:35:55,039 - utils.ssh_client - INFO - SSH连接已关闭
2025-09-18 14:35:55,046 - paramiko.transport.sftp - INFO - [chan 0] sftp session closed.
2025-09-18 14:35:55,046 - utils.ssh_client - INFO - SFTP连接已关闭
2025-09-18 14:35:55,047 - utils.ssh_client - INFO - SSH连接已关闭
2025-09-18 14:36:12,567 - main_window - INFO - 添加图片: Image0.jpg
2025-09-18 14:36:16,677 - main_window - INFO - 添加图片: Image1.jpg
2025-09-18 14:36:16,678 - main_window - INFO - 添加图片: Image2.jpg
2025-09-18 14:36:16,678 - main_window - INFO - 添加图片: Image3.jpg
2025-09-18 14:36:16,679 - main_window - INFO - 添加图片: Image4.jpg
2025-09-18 14:36:16,679 - main_window - INFO - 添加图片: Image5.jpg
2025-09-18 14:36:16,679 - main_window - INFO - 添加图片: Image6.jpg
2025-09-18 14:36:16,680 - main_window - INFO - 添加图片: Image7.jpg
2025-09-18 14:36:16,680 - main_window - INFO - 添加图片: Image8.jpg
2025-09-18 14:36:16,680 - main_window - INFO - 添加图片: Image9.jpg
2025-09-18 14:36:16,681 - main_window - INFO - 添加图片: Image10.jpg
2025-09-18 14:36:16,681 - main_window - INFO - 添加图片: Image11.jpg
2025-09-18 14:36:16,681 - main_window - INFO - 添加图片: Image12.jpg
2025-09-18 14:36:16,682 - main_window - INFO - 添加图片: Image13.jpg
2025-09-18 14:36:16,682 - main_window - INFO - 添加图片: Image14.jpg
2025-09-18 14:36:20,401 - paramiko.transport - INFO - Connected (version 2.0, client OpenSSH_8.2p1)
2025-09-18 14:36:20,466 - paramiko.transport - INFO - Authentication (publickey) failed.
2025-09-18 14:36:20,492 - paramiko.transport - INFO - Authentication (password) successful!
2025-09-18 14:36:20,623 - paramiko.transport.sftp - INFO - [chan 0] Opened sftp connection (server version 3)
2025-09-18 14:36:20,625 - utils.ssh_client - INFO - 成功连接到服务器
2025-09-18 14:36:20,625 - utils.ssh_client - INFO - 目标远程文件夹路径: /home/sstl/Disk1/data/silicon/codes/api/upload/20250918_143620_f6667291
2025-09-18 14:36:20,626 - utils.ssh_client - INFO - 成功创建远程文件夹: /home/sstl/Disk1/data/silicon/codes/api/upload/20250918_143620_f6667291
2025-09-18 14:36:20,627 - utils.ssh_client - INFO - 正在检查本地文件夹: C:\Users\ADMINI~1\AppData\Local\Temp\tmpeh4g3xwb
2025-09-18 14:36:20,627 - utils.ssh_client - INFO - 文件夹是否存在: True
2025-09-18 14:36:20,628 - utils.ssh_client - INFO - 是否为目录: True
2025-09-18 14:36:20,628 - utils.ssh_client - INFO - 在 C:\Users\ADMINI~1\AppData\Local\Temp\tmpeh4g3xwb 中找到 15 个项目，准备开始传输...
2025-09-18 14:36:20,705 - utils.ssh_client - INFO - 传输完成！共 15 个文件成功上传到 /home/sstl/Disk1/data/silicon/codes/api/upload/20250918_143620_f6667291
2025-09-18 14:36:24,068 - utils.ssh_client - INFO - 远程处理命令输出: 开始处理 process_id: 20250918_143620_f6667291, 文件夹: /home/sstl/Disk1/data/silicon/codes/api/upload/20250918_143620_f6667291
正在加载预训练模型...
load model: /home/sstl/Disk1/data/silicon/models/predgru/checkpoints-ontonet-3-weighted+sobel/model-best-2894.ckpt
正在从 /home/sstl/Disk1/data/silicon/codes/api/upload/20250918_143620_f6667291 加载图片数据...
找到 15 张图片
生成了 1 个序列（每个序列15帧）
正在进行预测...
预测完成，结果已保存到: output/20250918_143620_f6667291/prediction.jpg
✅ 预测成功!
处理ID: 20250918_143620_f6667291
预测结果保存路径: output/20250918_143620_f6667291/prediction.jpg
2025-09-18 14:36:24,115 - utils.ssh_client - INFO - 远程结果文件已生成: /home/sstl/Disk1/data/silicon/codes/api/output/20250918_143620_f6667291/prediction.jpg
2025-09-18 14:36:24,116 - utils.ssh_client - INFO - 准备下载文件: /home/sstl/Disk1/data/silicon/codes/api/output/20250918_143620_f6667291/prediction.jpg -> download\20250918_143620_f6667291\prediction.jpg
2025-09-18 14:36:24,166 - utils.ssh_client - INFO - 成功下载结果文件: download\20250918_143620_f6667291\prediction.jpg
2025-09-18 14:36:24,166 - paramiko.transport.sftp - INFO - [chan 0] sftp session closed.
2025-09-18 14:36:24,167 - utils.ssh_client - INFO - SFTP连接已关闭
2025-09-18 14:36:24,168 - utils.ssh_client - INFO - SSH连接已关闭
2025-09-18 14:36:24,175 - paramiko.transport.sftp - INFO - [chan 0] sftp session closed.
2025-09-18 14:36:24,176 - utils.ssh_client - INFO - SFTP连接已关闭
2025-09-18 14:36:24,176 - utils.ssh_client - INFO - SSH连接已关闭
2025-09-18 14:36:37,150 - paramiko.transport - INFO - Connected (version 2.0, client OpenSSH_8.2p1)
2025-09-18 14:36:37,217 - paramiko.transport - INFO - Authentication (publickey) failed.
2025-09-18 14:36:37,242 - paramiko.transport - INFO - Authentication (password) successful!
2025-09-18 14:36:37,387 - paramiko.transport.sftp - INFO - [chan 0] Opened sftp connection (server version 3)
2025-09-18 14:36:37,388 - utils.ssh_client - INFO - 成功连接到服务器
2025-09-18 14:36:37,389 - utils.ssh_client - INFO - 目标远程文件夹路径: /home/sstl/Disk1/data/silicon/codes/api/upload/20250918_143637_646a132c
2025-09-18 14:36:37,390 - utils.ssh_client - INFO - 成功创建远程文件夹: /home/sstl/Disk1/data/silicon/codes/api/upload/20250918_143637_646a132c
2025-09-18 14:36:37,391 - utils.ssh_client - INFO - 正在检查本地文件夹: C:\Users\ADMINI~1\AppData\Local\Temp\tmpy0imkxib
2025-09-18 14:36:37,391 - utils.ssh_client - INFO - 文件夹是否存在: True
2025-09-18 14:36:37,391 - utils.ssh_client - INFO - 是否为目录: True
2025-09-18 14:36:37,392 - utils.ssh_client - INFO - 在 C:\Users\ADMINI~1\AppData\Local\Temp\tmpy0imkxib 中找到 15 个项目，准备开始传输...
2025-09-18 14:36:37,469 - utils.ssh_client - INFO - 传输完成！共 15 个文件成功上传到 /home/sstl/Disk1/data/silicon/codes/api/upload/20250918_143637_646a132c
2025-09-18 14:36:40,838 - utils.ssh_client - INFO - 远程处理命令输出: 开始处理 process_id: 20250918_143637_646a132c, 文件夹: /home/sstl/Disk1/data/silicon/codes/api/upload/20250918_143637_646a132c
正在加载预训练模型...
load model: /home/sstl/Disk1/data/silicon/models/predgru/checkpoints-ontonet-3-weighted+sobel/model-best-2894.ckpt
正在从 /home/sstl/Disk1/data/silicon/codes/api/upload/20250918_143637_646a132c 加载图片数据...
找到 15 张图片
生成了 1 个序列（每个序列15帧）
正在进行预测...
预测完成，结果已保存到: output/20250918_143637_646a132c/prediction.jpg
✅ 预测成功!
处理ID: 20250918_143637_646a132c
预测结果保存路径: output/20250918_143637_646a132c/prediction.jpg
2025-09-18 14:36:40,887 - utils.ssh_client - INFO - 远程结果文件已生成: /home/sstl/Disk1/data/silicon/codes/api/output/20250918_143637_646a132c/prediction.jpg
2025-09-18 14:36:40,888 - utils.ssh_client - INFO - 准备下载文件: /home/sstl/Disk1/data/silicon/codes/api/output/20250918_143637_646a132c/prediction.jpg -> download\20250918_143637_646a132c\prediction.jpg
2025-09-18 14:36:40,937 - utils.ssh_client - INFO - 成功下载结果文件: download\20250918_143637_646a132c\prediction.jpg
2025-09-18 14:36:40,938 - paramiko.transport.sftp - INFO - [chan 0] sftp session closed.
2025-09-18 14:36:40,939 - utils.ssh_client - INFO - SFTP连接已关闭
2025-09-18 14:36:40,939 - utils.ssh_client - INFO - SSH连接已关闭
2025-09-18 14:36:40,946 - paramiko.transport.sftp - INFO - [chan 0] sftp session closed.
2025-09-18 14:36:40,947 - utils.ssh_client - INFO - SFTP连接已关闭
2025-09-18 14:36:40,947 - utils.ssh_client - INFO - SSH连接已关闭
2025-09-18 14:37:06,023 - main_window - INFO - 应用程序关闭
2025-09-18 14:37:08,120 - main_window - INFO - 界面初始化完成
2025-09-18 14:37:08,121 - main_window - INFO - 日志系统初始化完成
2025-09-18 14:37:12,839 - main_window - INFO - 添加图片: Image0.jpg
2025-09-18 14:37:12,840 - main_window - INFO - 添加图片: Image1.jpg
2025-09-18 14:37:12,840 - main_window - INFO - 添加图片: Image2.jpg
2025-09-18 14:37:12,840 - main_window - INFO - 添加图片: Image3.jpg
2025-09-18 14:37:12,841 - main_window - INFO - 添加图片: Image4.jpg
2025-09-18 14:37:12,841 - main_window - INFO - 添加图片: Image5.jpg
2025-09-18 14:37:12,841 - main_window - INFO - 添加图片: Image6.jpg
2025-09-18 14:37:12,841 - main_window - INFO - 添加图片: Image7.jpg
2025-09-18 14:37:12,842 - main_window - INFO - 添加图片: Image8.jpg
2025-09-18 14:37:12,842 - main_window - INFO - 添加图片: Image9.jpg
2025-09-18 14:37:12,842 - main_window - INFO - 添加图片: Image10.jpg
2025-09-18 14:37:12,843 - main_window - INFO - 添加图片: Image11.jpg
2025-09-18 14:37:12,843 - main_window - INFO - 添加图片: Image12.jpg
2025-09-18 14:37:12,843 - main_window - INFO - 添加图片: Image13.jpg
2025-09-18 14:37:12,844 - main_window - INFO - 添加图片: Image14.jpg
2025-09-18 14:37:13,877 - paramiko.transport - INFO - Connected (version 2.0, client OpenSSH_8.2p1)
2025-09-18 14:37:13,948 - paramiko.transport - INFO - Authentication (publickey) failed.
2025-09-18 14:37:13,974 - paramiko.transport - INFO - Authentication (password) successful!
2025-09-18 14:37:14,127 - paramiko.transport.sftp - INFO - [chan 0] Opened sftp connection (server version 3)
2025-09-18 14:37:14,129 - utils.ssh_client - INFO - 成功连接到服务器
2025-09-18 14:37:14,129 - utils.ssh_client - INFO - 目标远程文件夹路径: /home/sstl/Disk1/data/silicon/codes/api/upload/20250918_143713_aa20d994
2025-09-18 14:37:14,131 - utils.ssh_client - INFO - 成功创建远程文件夹: /home/sstl/Disk1/data/silicon/codes/api/upload/20250918_143713_aa20d994
2025-09-18 14:37:14,131 - utils.ssh_client - INFO - 正在检查本地文件夹: C:\Users\ADMINI~1\AppData\Local\Temp\tmpn914idqv
2025-09-18 14:37:14,132 - utils.ssh_client - INFO - 文件夹是否存在: True
2025-09-18 14:37:14,133 - utils.ssh_client - INFO - 是否为目录: True
2025-09-18 14:37:14,133 - utils.ssh_client - INFO - 在 C:\Users\ADMINI~1\AppData\Local\Temp\tmpn914idqv 中找到 15 个项目，准备开始传输...
2025-09-18 14:37:14,209 - utils.ssh_client - INFO - 传输完成！共 15 个文件成功上传到 /home/sstl/Disk1/data/silicon/codes/api/upload/20250918_143713_aa20d994
2025-09-18 14:37:17,580 - utils.ssh_client - INFO - 远程处理命令输出: 开始处理 process_id: 20250918_143713_aa20d994, 文件夹: /home/sstl/Disk1/data/silicon/codes/api/upload/20250918_143713_aa20d994
正在加载预训练模型...
load model: /home/sstl/Disk1/data/silicon/models/predgru/checkpoints-ontonet-3-weighted+sobel/model-best-2894.ckpt
正在从 /home/sstl/Disk1/data/silicon/codes/api/upload/20250918_143713_aa20d994 加载图片数据...
找到 15 张图片
生成了 1 个序列（每个序列15帧）
正在进行预测...
预测完成，结果已保存到: output/20250918_143713_aa20d994/prediction.jpg
✅ 预测成功!
处理ID: 20250918_143713_aa20d994
预测结果保存路径: output/20250918_143713_aa20d994/prediction.jpg
2025-09-18 14:37:17,630 - utils.ssh_client - INFO - 远程结果文件已生成: /home/sstl/Disk1/data/silicon/codes/api/output/20250918_143713_aa20d994/prediction.jpg
2025-09-18 14:37:17,631 - utils.ssh_client - INFO - 准备下载文件: /home/sstl/Disk1/data/silicon/codes/api/output/20250918_143713_aa20d994/prediction.jpg -> download\20250918_143713_aa20d994\prediction.jpg
2025-09-18 14:37:17,680 - utils.ssh_client - INFO - 成功下载结果文件: download\20250918_143713_aa20d994\prediction.jpg
2025-09-18 14:37:17,681 - paramiko.transport.sftp - INFO - [chan 0] sftp session closed.
2025-09-18 14:37:17,682 - utils.ssh_client - INFO - SFTP连接已关闭
2025-09-18 14:37:17,682 - utils.ssh_client - INFO - SSH连接已关闭
2025-09-18 14:37:17,689 - paramiko.transport.sftp - INFO - [chan 0] sftp session closed.
2025-09-18 14:37:17,690 - utils.ssh_client - INFO - SFTP连接已关闭
2025-09-18 14:37:17,690 - utils.ssh_client - INFO - SSH连接已关闭
2025-09-18 14:38:32,595 - main_window - INFO - 添加图片: Image0.jpg
2025-09-18 14:38:32,596 - main_window - INFO - 添加图片: Image1.jpg
2025-09-18 14:38:32,596 - main_window - INFO - 添加图片: Image2.jpg
2025-09-18 14:38:32,596 - main_window - INFO - 添加图片: Image3.jpg
2025-09-18 14:38:32,597 - main_window - INFO - 添加图片: Image4.jpg
2025-09-18 14:38:32,597 - main_window - INFO - 添加图片: Image5.jpg
2025-09-18 14:38:32,597 - main_window - INFO - 添加图片: Image6.jpg
2025-09-18 14:38:32,598 - main_window - INFO - 添加图片: Image7.jpg
2025-09-18 14:38:32,598 - main_window - INFO - 添加图片: Image8.jpg
2025-09-18 14:38:32,598 - main_window - INFO - 添加图片: Image9.jpg
2025-09-18 14:38:32,599 - main_window - INFO - 添加图片: Image10.jpg
2025-09-18 14:38:32,599 - main_window - INFO - 添加图片: Image11.jpg
2025-09-18 14:38:32,599 - main_window - INFO - 添加图片: Image12.jpg
2025-09-18 14:38:32,599 - main_window - INFO - 添加图片: Image13.jpg
2025-09-18 14:38:32,600 - main_window - INFO - 添加图片: Image14.jpg
2025-09-18 14:38:33,312 - paramiko.transport - INFO - Connected (version 2.0, client OpenSSH_8.2p1)
2025-09-18 14:38:33,388 - paramiko.transport - INFO - Authentication (publickey) failed.
2025-09-18 14:38:33,414 - paramiko.transport - INFO - Authentication (password) successful!
2025-09-18 14:38:33,570 - paramiko.transport.sftp - INFO - [chan 0] Opened sftp connection (server version 3)
2025-09-18 14:38:33,571 - utils.ssh_client - INFO - 成功连接到服务器
2025-09-18 14:38:33,572 - utils.ssh_client - INFO - 目标远程文件夹路径: /home/sstl/Disk1/data/silicon/codes/api/upload/20250918_143833_7b58e13d
2025-09-18 14:38:33,573 - utils.ssh_client - INFO - 成功创建远程文件夹: /home/sstl/Disk1/data/silicon/codes/api/upload/20250918_143833_7b58e13d
2025-09-18 14:38:33,574 - utils.ssh_client - INFO - 正在检查本地文件夹: C:\Users\ADMINI~1\AppData\Local\Temp\tmp_5igmmk5
2025-09-18 14:38:33,574 - utils.ssh_client - INFO - 文件夹是否存在: True
2025-09-18 14:38:33,575 - utils.ssh_client - INFO - 是否为目录: True
2025-09-18 14:38:33,575 - utils.ssh_client - INFO - 在 C:\Users\ADMINI~1\AppData\Local\Temp\tmp_5igmmk5 中找到 15 个项目，准备开始传输...
2025-09-18 14:38:33,651 - utils.ssh_client - INFO - 传输完成！共 15 个文件成功上传到 /home/sstl/Disk1/data/silicon/codes/api/upload/20250918_143833_7b58e13d
2025-09-18 14:38:37,026 - utils.ssh_client - INFO - 远程处理命令输出: 开始处理 process_id: 20250918_143833_7b58e13d, 文件夹: /home/sstl/Disk1/data/silicon/codes/api/upload/20250918_143833_7b58e13d
正在加载预训练模型...
load model: /home/sstl/Disk1/data/silicon/models/predgru/checkpoints-ontonet-3-weighted+sobel/model-best-2894.ckpt
正在从 /home/sstl/Disk1/data/silicon/codes/api/upload/20250918_143833_7b58e13d 加载图片数据...
找到 15 张图片
生成了 1 个序列（每个序列15帧）
正在进行预测...
预测完成，结果已保存到: output/20250918_143833_7b58e13d/prediction.jpg
✅ 预测成功!
处理ID: 20250918_143833_7b58e13d
预测结果保存路径: output/20250918_143833_7b58e13d/prediction.jpg
2025-09-18 14:38:37,072 - utils.ssh_client - INFO - 远程结果文件已生成: /home/sstl/Disk1/data/silicon/codes/api/output/20250918_143833_7b58e13d/prediction.jpg
2025-09-18 14:38:37,074 - utils.ssh_client - INFO - 准备下载文件: /home/sstl/Disk1/data/silicon/codes/api/output/20250918_143833_7b58e13d/prediction.jpg -> download\20250918_143833_7b58e13d\prediction.jpg
2025-09-18 14:38:37,123 - utils.ssh_client - INFO - 成功下载结果文件: download\20250918_143833_7b58e13d\prediction.jpg
2025-09-18 14:38:37,124 - paramiko.transport.sftp - INFO - [chan 0] sftp session closed.
2025-09-18 14:38:37,124 - utils.ssh_client - INFO - SFTP连接已关闭
2025-09-18 14:38:37,125 - utils.ssh_client - INFO - SSH连接已关闭
2025-09-18 14:38:37,132 - paramiko.transport.sftp - INFO - [chan 0] sftp session closed.
2025-09-18 14:38:37,132 - utils.ssh_client - INFO - SFTP连接已关闭
2025-09-18 14:38:37,132 - utils.ssh_client - INFO - SSH连接已关闭
2025-09-18 14:59:34,863 - main_window - INFO - 界面初始化完成
2025-09-18 14:59:34,863 - main_window - INFO - 日志系统初始化完成
2025-09-18 14:59:41,886 - main_window - INFO - 添加图片: Image0.jpg
2025-09-18 14:59:41,887 - main_window - INFO - 添加图片: Image1.jpg
2025-09-18 14:59:41,887 - main_window - INFO - 添加图片: Image2.jpg
2025-09-18 14:59:41,888 - main_window - INFO - 添加图片: Image3.jpg
2025-09-18 14:59:41,888 - main_window - INFO - 添加图片: Image4.jpg
2025-09-18 14:59:41,889 - main_window - INFO - 添加图片: Image5.jpg
2025-09-18 14:59:41,889 - main_window - INFO - 添加图片: Image6.jpg
2025-09-18 14:59:41,891 - main_window - INFO - 添加图片: Image7.jpg
2025-09-18 14:59:41,891 - main_window - INFO - 添加图片: Image8.jpg
2025-09-18 14:59:41,892 - main_window - INFO - 添加图片: Image9.jpg
2025-09-18 14:59:41,892 - main_window - INFO - 添加图片: Image10.jpg
2025-09-18 14:59:41,893 - main_window - INFO - 添加图片: Image11.jpg
2025-09-18 14:59:41,893 - main_window - INFO - 添加图片: Image12.jpg
2025-09-18 14:59:41,894 - main_window - INFO - 添加图片: Image13.jpg
2025-09-18 14:59:41,894 - main_window - INFO - 添加图片: Image14.jpg
2025-09-18 14:59:45,603 - utils.ssh_client - INFO - 成功连接到服务器
2025-09-18 14:59:45,605 - utils.ssh_client - INFO - 目标远程文件夹路径: /home/sstl/Disk1/data/silicon/codes/api/upload/20250918_145945_0cf1ed1f
2025-09-18 14:59:45,607 - utils.ssh_client - INFO - 成功创建远程文件夹: /home/sstl/Disk1/data/silicon/codes/api/upload/20250918_145945_0cf1ed1f
2025-09-18 14:59:45,608 - utils.ssh_client - INFO - 正在检查本地文件夹: C:\Users\ADMINI~1\AppData\Local\Temp\tmpz6kddhnr
2025-09-18 14:59:45,609 - utils.ssh_client - INFO - 文件夹是否存在: True
2025-09-18 14:59:45,610 - utils.ssh_client - INFO - 是否为目录: True
2025-09-18 14:59:45,610 - utils.ssh_client - INFO - 在 C:\Users\ADMINI~1\AppData\Local\Temp\tmpz6kddhnr 中找到 15 个项目，准备开始传输...
2025-09-18 14:59:45,687 - utils.ssh_client - INFO - 传输完成！共 15 个文件成功上传到 /home/sstl/Disk1/data/silicon/codes/api/upload/20250918_145945_0cf1ed1f
2025-09-18 14:59:49,053 - utils.ssh_client - INFO - 远程处理命令输出: 开始处理 process_id: 20250918_145945_0cf1ed1f, 文件夹: /home/sstl/Disk1/data/silicon/codes/api/upload/20250918_145945_0cf1ed1f
正在加载预训练模型...
load model: /home/sstl/Disk1/data/silicon/models/predgru/checkpoints-ontonet-3-weighted+sobel/model-best-2894.ckpt
正在从 /home/sstl/Disk1/data/silicon/codes/api/upload/20250918_145945_0cf1ed1f 加载图片数据...
找到 15 张图片
生成了 1 个序列（每个序列15帧）
正在进行预测...
预测完成，结果已保存到: output/20250918_145945_0cf1ed1f/prediction.jpg
✅ 预测成功!
处理ID: 20250918_145945_0cf1ed1f
预测结果保存路径: output/20250918_145945_0cf1ed1f/prediction.jpg
2025-09-18 14:59:49,101 - utils.ssh_client - INFO - 远程结果文件已生成: /home/sstl/Disk1/data/silicon/codes/api/output/20250918_145945_0cf1ed1f/prediction.jpg
2025-09-18 14:59:49,103 - utils.ssh_client - INFO - 准备下载文件: /home/sstl/Disk1/data/silicon/codes/api/output/20250918_145945_0cf1ed1f/prediction.jpg -> download\20250918_145945_0cf1ed1f\prediction.jpg
2025-09-18 14:59:49,152 - utils.ssh_client - INFO - 成功下载结果文件: download\20250918_145945_0cf1ed1f\prediction.jpg
2025-09-18 14:59:49,153 - utils.ssh_client - INFO - SFTP连接已关闭
2025-09-18 14:59:49,154 - utils.ssh_client - INFO - SSH连接已关闭
2025-09-18 14:59:59,193 - main_window - INFO - 界面初始化完成
2025-09-18 14:59:59,193 - main_window - INFO - 日志系统初始化完成
2025-09-18 15:00:02,838 - main_window - INFO - 添加图片: Image0.jpg
2025-09-18 15:00:02,839 - main_window - INFO - 添加图片: Image1.jpg
2025-09-18 15:00:02,840 - main_window - INFO - 添加图片: Image2.jpg
2025-09-18 15:00:02,840 - main_window - INFO - 添加图片: Image3.jpg
2025-09-18 15:00:02,840 - main_window - INFO - 添加图片: Image4.jpg
2025-09-18 15:00:02,841 - main_window - INFO - 添加图片: Image5.jpg
2025-09-18 15:00:02,841 - main_window - INFO - 添加图片: Image6.jpg
2025-09-18 15:00:02,843 - main_window - INFO - 添加图片: Image7.jpg
2025-09-18 15:00:02,843 - main_window - INFO - 添加图片: Image8.jpg
2025-09-18 15:00:02,844 - main_window - INFO - 添加图片: Image9.jpg
2025-09-18 15:00:02,844 - main_window - INFO - 添加图片: Image10.jpg
2025-09-18 15:00:02,845 - main_window - INFO - 添加图片: Image11.jpg
2025-09-18 15:00:02,845 - main_window - INFO - 添加图片: Image12.jpg
2025-09-18 15:00:02,846 - main_window - INFO - 添加图片: Image13.jpg
2025-09-18 15:00:02,846 - main_window - INFO - 添加图片: Image14.jpg
2025-09-18 15:00:04,274 - utils.ssh_client - INFO - 成功连接到服务器
2025-09-18 15:00:04,276 - utils.ssh_client - INFO - 目标远程文件夹路径: /home/sstl/Disk1/data/silicon/codes/api/upload/20250918_150004_8c187207
2025-09-18 15:00:04,278 - utils.ssh_client - INFO - 成功创建远程文件夹: /home/sstl/Disk1/data/silicon/codes/api/upload/20250918_150004_8c187207
2025-09-18 15:00:04,279 - utils.ssh_client - INFO - 正在检查本地文件夹: C:\Users\ADMINI~1\AppData\Local\Temp\tmpa551n4zy
2025-09-18 15:00:04,280 - utils.ssh_client - INFO - 文件夹是否存在: True
2025-09-18 15:00:04,281 - utils.ssh_client - INFO - 是否为目录: True
2025-09-18 15:00:04,282 - utils.ssh_client - INFO - 在 C:\Users\ADMINI~1\AppData\Local\Temp\tmpa551n4zy 中找到 15 个项目，准备开始传输...
2025-09-18 15:00:04,357 - utils.ssh_client - INFO - 传输完成！共 15 个文件成功上传到 /home/sstl/Disk1/data/silicon/codes/api/upload/20250918_150004_8c187207
2025-09-18 15:00:07,709 - utils.ssh_client - INFO - 远程处理命令输出: 开始处理 process_id: 20250918_150004_8c187207, 文件夹: /home/sstl/Disk1/data/silicon/codes/api/upload/20250918_150004_8c187207
正在加载预训练模型...
load model: /home/sstl/Disk1/data/silicon/models/predgru/checkpoints-ontonet-3-weighted+sobel/model-best-2894.ckpt
正在从 /home/sstl/Disk1/data/silicon/codes/api/upload/20250918_150004_8c187207 加载图片数据...
找到 15 张图片
生成了 1 个序列（每个序列15帧）
正在进行预测...
预测完成，结果已保存到: output/20250918_150004_8c187207/prediction.jpg
✅ 预测成功!
处理ID: 20250918_150004_8c187207
预测结果保存路径: output/20250918_150004_8c187207/prediction.jpg
2025-09-18 15:00:07,760 - utils.ssh_client - INFO - 远程结果文件已生成: /home/sstl/Disk1/data/silicon/codes/api/output/20250918_150004_8c187207/prediction.jpg
2025-09-18 15:00:07,762 - utils.ssh_client - INFO - 准备下载文件: /home/sstl/Disk1/data/silicon/codes/api/output/20250918_150004_8c187207/prediction.jpg -> download\20250918_150004_8c187207\prediction.jpg
2025-09-18 15:00:07,810 - utils.ssh_client - INFO - 成功下载结果文件: download\20250918_150004_8c187207\prediction.jpg
2025-09-18 15:00:07,811 - utils.ssh_client - INFO - SFTP连接已关闭
2025-09-18 15:00:07,812 - utils.ssh_client - INFO - SSH连接已关闭
2025-09-18 15:00:32,759 - main_window - INFO - 界面初始化完成
2025-09-18 15:00:32,759 - main_window - INFO - 日志系统初始化完成
2025-09-18 15:00:36,769 - main_window - INFO - 添加图片: Image0.jpg
2025-09-18 15:00:36,770 - main_window - INFO - 添加图片: Image1.jpg
2025-09-18 15:00:36,770 - main_window - INFO - 添加图片: Image2.jpg
2025-09-18 15:00:36,771 - main_window - INFO - 添加图片: Image3.jpg
2025-09-18 15:00:36,771 - main_window - INFO - 添加图片: Image4.jpg
2025-09-18 15:00:36,771 - main_window - INFO - 添加图片: Image5.jpg
2025-09-18 15:00:36,772 - main_window - INFO - 添加图片: Image6.jpg
2025-09-18 15:00:36,773 - main_window - INFO - 添加图片: Image7.jpg
2025-09-18 15:00:36,774 - main_window - INFO - 添加图片: Image8.jpg
2025-09-18 15:00:36,774 - main_window - INFO - 添加图片: Image9.jpg
2025-09-18 15:00:36,775 - main_window - INFO - 添加图片: Image10.jpg
2025-09-18 15:00:36,775 - main_window - INFO - 添加图片: Image11.jpg
2025-09-18 15:00:36,776 - main_window - INFO - 添加图片: Image12.jpg
2025-09-18 15:00:36,777 - main_window - INFO - 添加图片: Image13.jpg
2025-09-18 15:00:36,777 - main_window - INFO - 添加图片: Image14.jpg
2025-09-18 15:00:37,870 - utils.ssh_client - INFO - 成功连接到服务器
2025-09-18 15:00:37,873 - utils.ssh_client - INFO - 目标远程文件夹路径: /home/sstl/Disk1/data/silicon/codes/api/upload/20250918_150037_c57dfbd9
2025-09-18 15:00:37,875 - utils.ssh_client - INFO - 成功创建远程文件夹: /home/sstl/Disk1/data/silicon/codes/api/upload/20250918_150037_c57dfbd9
2025-09-18 15:00:37,876 - utils.ssh_client - INFO - 正在检查本地文件夹: C:\Users\ADMINI~1\AppData\Local\Temp\tmp8eg1nxad
2025-09-18 15:00:37,877 - utils.ssh_client - INFO - 文件夹是否存在: True
2025-09-18 15:00:37,877 - utils.ssh_client - INFO - 是否为目录: True
2025-09-18 15:00:37,878 - utils.ssh_client - INFO - 在 C:\Users\ADMINI~1\AppData\Local\Temp\tmp8eg1nxad 中找到 15 个项目，准备开始传输...
2025-09-18 15:00:37,955 - utils.ssh_client - INFO - 传输完成！共 15 个文件成功上传到 /home/sstl/Disk1/data/silicon/codes/api/upload/20250918_150037_c57dfbd9
2025-09-18 15:00:41,350 - utils.ssh_client - INFO - 远程处理命令输出: 开始处理 process_id: 20250918_150037_c57dfbd9, 文件夹: /home/sstl/Disk1/data/silicon/codes/api/upload/20250918_150037_c57dfbd9
正在加载预训练模型...
load model: /home/sstl/Disk1/data/silicon/models/predgru/checkpoints-ontonet-3-weighted+sobel/model-best-2894.ckpt
正在从 /home/sstl/Disk1/data/silicon/codes/api/upload/20250918_150037_c57dfbd9 加载图片数据...
找到 15 张图片
生成了 1 个序列（每个序列15帧）
正在进行预测...
预测完成，结果已保存到: output/20250918_150037_c57dfbd9/prediction.jpg
✅ 预测成功!
处理ID: 20250918_150037_c57dfbd9
预测结果保存路径: output/20250918_150037_c57dfbd9/prediction.jpg
2025-09-18 15:00:41,400 - utils.ssh_client - INFO - 远程结果文件已生成: /home/sstl/Disk1/data/silicon/codes/api/output/20250918_150037_c57dfbd9/prediction.jpg
2025-09-18 15:00:41,402 - utils.ssh_client - INFO - 准备下载文件: /home/sstl/Disk1/data/silicon/codes/api/output/20250918_150037_c57dfbd9/prediction.jpg -> download\20250918_150037_c57dfbd9\prediction.jpg
2025-09-18 15:00:41,450 - utils.ssh_client - INFO - 成功下载结果文件: download\20250918_150037_c57dfbd9\prediction.jpg
2025-09-18 15:00:41,453 - utils.ssh_client - INFO - SFTP连接已关闭
2025-09-18 15:00:41,455 - utils.ssh_client - INFO - SSH连接已关闭
2025-09-18 15:00:41,464 - utils.ssh_client - INFO - SFTP连接已关闭
2025-09-18 15:00:41,465 - utils.ssh_client - INFO - SSH连接已关闭
2025-09-18 15:02:04,490 - main_window - INFO - 界面初始化完成
2025-09-18 15:02:04,490 - main_window - INFO - 日志系统初始化完成
2025-09-18 15:02:08,622 - main_window - INFO - 添加图片: Image0.jpg
2025-09-18 15:02:08,622 - main_window - INFO - 添加图片: Image1.jpg
2025-09-18 15:02:08,623 - main_window - INFO - 添加图片: Image2.jpg
2025-09-18 15:02:08,623 - main_window - INFO - 添加图片: Image3.jpg
2025-09-18 15:02:08,623 - main_window - INFO - 添加图片: Image4.jpg
2025-09-18 15:02:08,624 - main_window - INFO - 添加图片: Image5.jpg
2025-09-18 15:02:08,624 - main_window - INFO - 添加图片: Image6.jpg
2025-09-18 15:02:08,624 - main_window - INFO - 添加图片: Image7.jpg
2025-09-18 15:02:08,625 - main_window - INFO - 添加图片: Image8.jpg
2025-09-18 15:02:08,625 - main_window - INFO - 添加图片: Image9.jpg
2025-09-18 15:02:08,626 - main_window - INFO - 添加图片: Image10.jpg
2025-09-18 15:02:08,626 - main_window - INFO - 添加图片: Image11.jpg
2025-09-18 15:02:08,626 - main_window - INFO - 添加图片: Image12.jpg
2025-09-18 15:02:08,626 - main_window - INFO - 添加图片: Image13.jpg
2025-09-18 15:02:08,627 - main_window - INFO - 添加图片: Image14.jpg
2025-09-18 15:02:10,243 - paramiko.transport - INFO - Connected (version 2.0, client OpenSSH_8.2p1)
2025-09-18 15:02:10,317 - paramiko.transport - INFO - Authentication (publickey) failed.
2025-09-18 15:02:10,343 - paramiko.transport - INFO - Authentication (password) successful!
2025-09-18 15:02:10,483 - paramiko.transport.sftp - INFO - [chan 0] Opened sftp connection (server version 3)
2025-09-18 15:02:10,485 - utils.ssh_client - INFO - 成功连接到服务器
2025-09-18 15:02:10,485 - utils.ssh_client - INFO - 目标远程文件夹路径: /home/sstl/Disk1/data/silicon/codes/api/upload/20250918_150210_9851f0ed
2025-09-18 15:02:10,487 - utils.ssh_client - INFO - 成功创建远程文件夹: /home/sstl/Disk1/data/silicon/codes/api/upload/20250918_150210_9851f0ed
2025-09-18 15:02:10,487 - utils.ssh_client - INFO - 正在检查本地文件夹: C:\Users\ADMINI~1\AppData\Local\Temp\tmpfknzvpix
2025-09-18 15:02:10,488 - utils.ssh_client - INFO - 文件夹是否存在: True
2025-09-18 15:02:10,488 - utils.ssh_client - INFO - 是否为目录: True
2025-09-18 15:02:10,488 - utils.ssh_client - INFO - 在 C:\Users\ADMINI~1\AppData\Local\Temp\tmpfknzvpix 中找到 15 个项目，准备开始传输...
2025-09-18 15:02:10,565 - utils.ssh_client - INFO - 传输完成！共 15 个文件成功上传到 /home/sstl/Disk1/data/silicon/codes/api/upload/20250918_150210_9851f0ed
2025-09-18 15:02:13,944 - utils.ssh_client - INFO - 远程处理命令输出: 开始处理 process_id: 20250918_150210_9851f0ed, 文件夹: /home/sstl/Disk1/data/silicon/codes/api/upload/20250918_150210_9851f0ed
正在加载预训练模型...
load model: /home/sstl/Disk1/data/silicon/models/predgru/checkpoints-ontonet-3-weighted+sobel/model-best-2894.ckpt
正在从 /home/sstl/Disk1/data/silicon/codes/api/upload/20250918_150210_9851f0ed 加载图片数据...
找到 15 张图片
生成了 1 个序列（每个序列15帧）
正在进行预测...
预测完成，结果已保存到: output/20250918_150210_9851f0ed/prediction.jpg
✅ 预测成功!
处理ID: 20250918_150210_9851f0ed
预测结果保存路径: output/20250918_150210_9851f0ed/prediction.jpg
2025-09-18 15:02:13,995 - utils.ssh_client - INFO - 远程结果文件已生成: /home/sstl/Disk1/data/silicon/codes/api/output/20250918_150210_9851f0ed/prediction.jpg
2025-09-18 15:02:13,996 - utils.ssh_client - INFO - 准备下载文件: /home/sstl/Disk1/data/silicon/codes/api/output/20250918_150210_9851f0ed/prediction.jpg -> download\20250918_150210_9851f0ed\prediction.jpg
2025-09-18 15:02:14,047 - utils.ssh_client - INFO - 成功下载结果文件: download\20250918_150210_9851f0ed\prediction.jpg
2025-09-18 15:02:14,047 - paramiko.transport.sftp - INFO - [chan 0] sftp session closed.
2025-09-18 15:02:14,048 - utils.ssh_client - INFO - SFTP连接已关闭
2025-09-18 15:02:14,048 - utils.ssh_client - INFO - SSH连接已关闭
2025-09-18 15:02:14,055 - paramiko.transport.sftp - INFO - [chan 0] sftp session closed.
2025-09-18 15:02:14,055 - utils.ssh_client - INFO - SFTP连接已关闭
2025-09-18 15:02:14,056 - utils.ssh_client - INFO - SSH连接已关闭
2025-09-18 15:02:21,604 - main_window - INFO - 添加图片: Image0.jpg
2025-09-18 15:02:21,605 - main_window - INFO - 添加图片: Image1.jpg
2025-09-18 15:02:21,606 - main_window - INFO - 添加图片: Image2.jpg
2025-09-18 15:02:21,606 - main_window - INFO - 添加图片: Image3.jpg
2025-09-18 15:02:21,606 - main_window - INFO - 添加图片: Image4.jpg
2025-09-18 15:02:21,607 - main_window - INFO - 添加图片: Image5.jpg
2025-09-18 15:02:21,607 - main_window - INFO - 添加图片: Image6.jpg
2025-09-18 15:02:21,607 - main_window - INFO - 添加图片: Image7.jpg
2025-09-18 15:02:21,608 - main_window - INFO - 添加图片: Image8.jpg
2025-09-18 15:02:21,608 - main_window - INFO - 添加图片: Image9.jpg
2025-09-18 15:02:21,608 - main_window - INFO - 添加图片: Image10.jpg
2025-09-18 15:02:21,609 - main_window - INFO - 添加图片: Image11.jpg
2025-09-18 15:02:21,609 - main_window - INFO - 添加图片: Image12.jpg
2025-09-18 15:02:21,609 - main_window - INFO - 添加图片: Image13.jpg
2025-09-18 15:02:21,609 - main_window - INFO - 添加图片: Image14.jpg
2025-09-18 15:02:23,045 - paramiko.transport - INFO - Connected (version 2.0, client OpenSSH_8.2p1)
2025-09-18 15:02:23,109 - paramiko.transport - INFO - Authentication (publickey) failed.
2025-09-18 15:02:23,136 - paramiko.transport - INFO - Authentication (password) successful!
2025-09-18 15:02:23,293 - paramiko.transport.sftp - INFO - [chan 0] Opened sftp connection (server version 3)
2025-09-18 15:02:23,295 - utils.ssh_client - INFO - 成功连接到服务器
2025-09-18 15:02:23,295 - utils.ssh_client - INFO - 目标远程文件夹路径: /home/sstl/Disk1/data/silicon/codes/api/upload/20250918_150223_b5c9ff0a
2025-09-18 15:02:23,296 - utils.ssh_client - INFO - 成功创建远程文件夹: /home/sstl/Disk1/data/silicon/codes/api/upload/20250918_150223_b5c9ff0a
2025-09-18 15:02:23,297 - utils.ssh_client - INFO - 正在检查本地文件夹: C:\Users\ADMINI~1\AppData\Local\Temp\tmphdf1kpc3
2025-09-18 15:02:23,297 - utils.ssh_client - INFO - 文件夹是否存在: True
2025-09-18 15:02:23,298 - utils.ssh_client - INFO - 是否为目录: True
2025-09-18 15:02:23,298 - utils.ssh_client - INFO - 在 C:\Users\ADMINI~1\AppData\Local\Temp\tmphdf1kpc3 中找到 15 个项目，准备开始传输...
2025-09-18 15:02:23,374 - utils.ssh_client - INFO - 传输完成！共 15 个文件成功上传到 /home/sstl/Disk1/data/silicon/codes/api/upload/20250918_150223_b5c9ff0a
2025-09-18 15:02:26,742 - utils.ssh_client - INFO - 远程处理命令输出: 开始处理 process_id: 20250918_150223_b5c9ff0a, 文件夹: /home/sstl/Disk1/data/silicon/codes/api/upload/20250918_150223_b5c9ff0a
正在加载预训练模型...
load model: /home/sstl/Disk1/data/silicon/models/predgru/checkpoints-ontonet-3-weighted+sobel/model-best-2894.ckpt
正在从 /home/sstl/Disk1/data/silicon/codes/api/upload/20250918_150223_b5c9ff0a 加载图片数据...
找到 15 张图片
生成了 1 个序列（每个序列15帧）
正在进行预测...
预测完成，结果已保存到: output/20250918_150223_b5c9ff0a/prediction.jpg
✅ 预测成功!
处理ID: 20250918_150223_b5c9ff0a
预测结果保存路径: output/20250918_150223_b5c9ff0a/prediction.jpg
2025-09-18 15:02:26,790 - utils.ssh_client - INFO - 远程结果文件已生成: /home/sstl/Disk1/data/silicon/codes/api/output/20250918_150223_b5c9ff0a/prediction.jpg
2025-09-18 15:02:26,791 - utils.ssh_client - INFO - 准备下载文件: /home/sstl/Disk1/data/silicon/codes/api/output/20250918_150223_b5c9ff0a/prediction.jpg -> download\20250918_150223_b5c9ff0a\prediction.jpg
2025-09-18 15:02:26,841 - utils.ssh_client - INFO - 成功下载结果文件: download\20250918_150223_b5c9ff0a\prediction.jpg
2025-09-18 15:02:26,842 - paramiko.transport.sftp - INFO - [chan 0] sftp session closed.
2025-09-18 15:02:26,842 - utils.ssh_client - INFO - SFTP连接已关闭
2025-09-18 15:02:26,843 - utils.ssh_client - INFO - SSH连接已关闭
2025-09-18 15:02:26,850 - paramiko.transport.sftp - INFO - [chan 0] sftp session closed.
2025-09-18 15:02:26,850 - utils.ssh_client - INFO - SFTP连接已关闭
2025-09-18 15:02:26,851 - utils.ssh_client - INFO - SSH连接已关闭
2025-09-18 15:02:30,446 - paramiko.transport - INFO - Connected (version 2.0, client OpenSSH_8.2p1)
2025-09-18 15:02:30,521 - paramiko.transport - INFO - Authentication (publickey) failed.
2025-09-18 15:02:30,546 - paramiko.transport - INFO - Authentication (password) successful!
2025-09-18 15:02:30,700 - paramiko.transport.sftp - INFO - [chan 0] Opened sftp connection (server version 3)
2025-09-18 15:02:30,701 - utils.ssh_client - INFO - 成功连接到服务器
2025-09-18 15:02:30,702 - utils.ssh_client - INFO - 目标远程文件夹路径: /home/sstl/Disk1/data/silicon/codes/api/upload/20250918_150230_824dbcb7
2025-09-18 15:02:30,703 - utils.ssh_client - INFO - 成功创建远程文件夹: /home/sstl/Disk1/data/silicon/codes/api/upload/20250918_150230_824dbcb7
2025-09-18 15:02:30,703 - utils.ssh_client - INFO - 正在检查本地文件夹: C:\Users\ADMINI~1\AppData\Local\Temp\tmpg3gsrp7x
2025-09-18 15:02:30,704 - utils.ssh_client - INFO - 文件夹是否存在: True
2025-09-18 15:02:30,704 - utils.ssh_client - INFO - 是否为目录: True
2025-09-18 15:02:30,705 - utils.ssh_client - INFO - 在 C:\Users\ADMINI~1\AppData\Local\Temp\tmpg3gsrp7x 中找到 15 个项目，准备开始传输...
2025-09-18 15:02:30,781 - utils.ssh_client - INFO - 传输完成！共 15 个文件成功上传到 /home/sstl/Disk1/data/silicon/codes/api/upload/20250918_150230_824dbcb7
2025-09-18 15:02:34,206 - utils.ssh_client - INFO - 远程处理命令输出: 开始处理 process_id: 20250918_150230_824dbcb7, 文件夹: /home/sstl/Disk1/data/silicon/codes/api/upload/20250918_150230_824dbcb7
正在加载预训练模型...
load model: /home/sstl/Disk1/data/silicon/models/predgru/checkpoints-ontonet-3-weighted+sobel/model-best-2894.ckpt
正在从 /home/sstl/Disk1/data/silicon/codes/api/upload/20250918_150230_824dbcb7 加载图片数据...
找到 15 张图片
生成了 1 个序列（每个序列15帧）
正在进行预测...
预测完成，结果已保存到: output/20250918_150230_824dbcb7/prediction.jpg
✅ 预测成功!
处理ID: 20250918_150230_824dbcb7
预测结果保存路径: output/20250918_150230_824dbcb7/prediction.jpg
2025-09-18 15:02:34,255 - utils.ssh_client - INFO - 远程结果文件已生成: /home/sstl/Disk1/data/silicon/codes/api/output/20250918_150230_824dbcb7/prediction.jpg
2025-09-18 15:02:34,256 - utils.ssh_client - INFO - 准备下载文件: /home/sstl/Disk1/data/silicon/codes/api/output/20250918_150230_824dbcb7/prediction.jpg -> download\20250918_150230_824dbcb7\prediction.jpg
2025-09-18 15:02:34,305 - utils.ssh_client - INFO - 成功下载结果文件: download\20250918_150230_824dbcb7\prediction.jpg
2025-09-18 15:02:34,305 - paramiko.transport.sftp - INFO - [chan 0] sftp session closed.
2025-09-18 15:02:34,306 - utils.ssh_client - INFO - SFTP连接已关闭
2025-09-18 15:02:34,306 - utils.ssh_client - INFO - SSH连接已关闭
2025-09-18 15:02:34,313 - paramiko.transport.sftp - INFO - [chan 0] sftp session closed.
2025-09-18 15:02:34,314 - utils.ssh_client - INFO - SFTP连接已关闭
2025-09-18 15:02:34,314 - utils.ssh_client - INFO - SSH连接已关闭
2025-09-18 15:02:36,427 - main_window - INFO - 应用程序关闭
2025-09-18 15:02:38,494 - main_window - INFO - 界面初始化完成
2025-09-18 15:02:38,495 - main_window - INFO - 日志系统初始化完成
2025-09-18 15:02:42,310 - main_window - INFO - 添加图片: Image0.jpg
2025-09-18 15:02:42,311 - main_window - INFO - 添加图片: Image1.jpg
2025-09-18 15:02:42,311 - main_window - INFO - 添加图片: Image2.jpg
2025-09-18 15:02:42,312 - main_window - INFO - 添加图片: Image3.jpg
2025-09-18 15:02:42,312 - main_window - INFO - 添加图片: Image4.jpg
2025-09-18 15:02:42,312 - main_window - INFO - 添加图片: Image5.jpg
2025-09-18 15:02:42,312 - main_window - INFO - 添加图片: Image6.jpg
2025-09-18 15:02:42,313 - main_window - INFO - 添加图片: Image7.jpg
2025-09-18 15:02:42,313 - main_window - INFO - 添加图片: Image8.jpg
2025-09-18 15:02:42,314 - main_window - INFO - 添加图片: Image9.jpg
2025-09-18 15:02:42,314 - main_window - INFO - 添加图片: Image10.jpg
2025-09-18 15:02:42,314 - main_window - INFO - 添加图片: Image11.jpg
2025-09-18 15:02:42,314 - main_window - INFO - 添加图片: Image12.jpg
2025-09-18 15:02:42,315 - main_window - INFO - 添加图片: Image13.jpg
2025-09-18 15:02:42,315 - main_window - INFO - 添加图片: Image14.jpg
2025-09-18 15:02:43,706 - paramiko.transport - INFO - Connected (version 2.0, client OpenSSH_8.2p1)
2025-09-18 15:02:43,817 - paramiko.transport - INFO - Authentication (publickey) failed.
2025-09-18 15:02:43,842 - paramiko.transport - INFO - Authentication (password) successful!
2025-09-18 15:02:43,995 - paramiko.transport.sftp - INFO - [chan 0] Opened sftp connection (server version 3)
2025-09-18 15:02:43,997 - utils.ssh_client - INFO - 成功连接到服务器
2025-09-18 15:02:43,997 - utils.ssh_client - INFO - 目标远程文件夹路径: /home/sstl/Disk1/data/silicon/codes/api/upload/20250918_150243_27ae3659
2025-09-18 15:02:43,999 - utils.ssh_client - INFO - 成功创建远程文件夹: /home/sstl/Disk1/data/silicon/codes/api/upload/20250918_150243_27ae3659
2025-09-18 15:02:43,999 - utils.ssh_client - INFO - 正在检查本地文件夹: C:\Users\ADMINI~1\AppData\Local\Temp\tmpnznamean
2025-09-18 15:02:44,000 - utils.ssh_client - INFO - 文件夹是否存在: True
2025-09-18 15:02:44,000 - utils.ssh_client - INFO - 是否为目录: True
2025-09-18 15:02:44,001 - utils.ssh_client - INFO - 在 C:\Users\ADMINI~1\AppData\Local\Temp\tmpnznamean 中找到 15 个项目，准备开始传输...
2025-09-18 15:02:44,082 - utils.ssh_client - INFO - 传输完成！共 15 个文件成功上传到 /home/sstl/Disk1/data/silicon/codes/api/upload/20250918_150243_27ae3659
2025-09-18 15:02:47,476 - utils.ssh_client - INFO - 远程处理命令输出: 开始处理 process_id: 20250918_150243_27ae3659, 文件夹: /home/sstl/Disk1/data/silicon/codes/api/upload/20250918_150243_27ae3659
正在加载预训练模型...
load model: /home/sstl/Disk1/data/silicon/models/predgru/checkpoints-ontonet-3-weighted+sobel/model-best-2894.ckpt
正在从 /home/sstl/Disk1/data/silicon/codes/api/upload/20250918_150243_27ae3659 加载图片数据...
找到 15 张图片
生成了 1 个序列（每个序列15帧）
正在进行预测...
预测完成，结果已保存到: output/20250918_150243_27ae3659/prediction.jpg
✅ 预测成功!
处理ID: 20250918_150243_27ae3659
预测结果保存路径: output/20250918_150243_27ae3659/prediction.jpg
2025-09-18 15:02:47,526 - utils.ssh_client - INFO - 远程结果文件已生成: /home/sstl/Disk1/data/silicon/codes/api/output/20250918_150243_27ae3659/prediction.jpg
2025-09-18 15:02:47,527 - utils.ssh_client - INFO - 准备下载文件: /home/sstl/Disk1/data/silicon/codes/api/output/20250918_150243_27ae3659/prediction.jpg -> download\20250918_150243_27ae3659\prediction.jpg
2025-09-18 15:02:47,577 - utils.ssh_client - INFO - 成功下载结果文件: download\20250918_150243_27ae3659\prediction.jpg
2025-09-18 15:02:47,577 - paramiko.transport.sftp - INFO - [chan 0] sftp session closed.
2025-09-18 15:02:47,578 - utils.ssh_client - INFO - SFTP连接已关闭
2025-09-18 15:02:47,578 - utils.ssh_client - INFO - SSH连接已关闭
2025-09-18 15:02:47,584 - paramiko.transport.sftp - INFO - [chan 0] sftp session closed.
2025-09-18 15:02:47,584 - utils.ssh_client - INFO - SFTP连接已关闭
2025-09-18 15:02:47,585 - utils.ssh_client - INFO - SSH连接已关闭
2025-09-18 15:02:53,545 - main_window - INFO - 界面初始化完成
2025-09-18 15:02:53,546 - main_window - INFO - 日志系统初始化完成
2025-09-18 15:02:57,330 - main_window - INFO - 添加图片: Image0.jpg
2025-09-18 15:02:57,331 - main_window - INFO - 添加图片: Image1.jpg
2025-09-18 15:02:57,331 - main_window - INFO - 添加图片: Image2.jpg
2025-09-18 15:02:57,331 - main_window - INFO - 添加图片: Image3.jpg
2025-09-18 15:02:57,331 - main_window - INFO - 添加图片: Image4.jpg
2025-09-18 15:02:57,332 - main_window - INFO - 添加图片: Image5.jpg
2025-09-18 15:02:57,332 - main_window - INFO - 添加图片: Image6.jpg
2025-09-18 15:02:57,332 - main_window - INFO - 添加图片: Image7.jpg
2025-09-18 15:02:57,333 - main_window - INFO - 添加图片: Image8.jpg
2025-09-18 15:02:57,333 - main_window - INFO - 添加图片: Image9.jpg
2025-09-18 15:02:57,333 - main_window - INFO - 添加图片: Image10.jpg
2025-09-18 15:02:57,334 - main_window - INFO - 添加图片: Image11.jpg
2025-09-18 15:02:57,334 - main_window - INFO - 添加图片: Image12.jpg
2025-09-18 15:02:57,334 - main_window - INFO - 添加图片: Image13.jpg
2025-09-18 15:02:57,334 - main_window - INFO - 添加图片: Image14.jpg
2025-09-18 15:02:58,457 - paramiko.transport - INFO - Connected (version 2.0, client OpenSSH_8.2p1)
2025-09-18 15:02:58,527 - paramiko.transport - INFO - Authentication (publickey) failed.
2025-09-18 15:02:58,540 - paramiko.transport - INFO - Authentication (password) successful!
2025-09-18 15:02:58,645 - paramiko.transport.sftp - INFO - [chan 0] Opened sftp connection (server version 3)
2025-09-18 15:02:58,647 - utils.ssh_client - INFO - 成功连接到服务器
2025-09-18 15:02:58,647 - utils.ssh_client - INFO - 目标远程文件夹路径: /home/sstl/Disk1/data/silicon/codes/api/upload/20250918_150258_414a1dce
2025-09-18 15:02:58,649 - utils.ssh_client - INFO - 成功创建远程文件夹: /home/sstl/Disk1/data/silicon/codes/api/upload/20250918_150258_414a1dce
2025-09-18 15:02:58,649 - utils.ssh_client - INFO - 正在检查本地文件夹: C:\Users\ADMINI~1\AppData\Local\Temp\tmpd7607vdd
2025-09-18 15:02:58,650 - utils.ssh_client - INFO - 文件夹是否存在: True
2025-09-18 15:02:58,650 - utils.ssh_client - INFO - 是否为目录: True
2025-09-18 15:02:58,650 - utils.ssh_client - INFO - 在 C:\Users\ADMINI~1\AppData\Local\Temp\tmpd7607vdd 中找到 15 个项目，准备开始传输...
2025-09-18 15:02:58,726 - utils.ssh_client - INFO - 传输完成！共 15 个文件成功上传到 /home/sstl/Disk1/data/silicon/codes/api/upload/20250918_150258_414a1dce
2025-09-18 15:03:02,078 - utils.ssh_client - INFO - 远程处理命令输出: 开始处理 process_id: 20250918_150258_414a1dce, 文件夹: /home/sstl/Disk1/data/silicon/codes/api/upload/20250918_150258_414a1dce
正在加载预训练模型...
load model: /home/sstl/Disk1/data/silicon/models/predgru/checkpoints-ontonet-3-weighted+sobel/model-best-2894.ckpt
正在从 /home/sstl/Disk1/data/silicon/codes/api/upload/20250918_150258_414a1dce 加载图片数据...
找到 15 张图片
生成了 1 个序列（每个序列15帧）
正在进行预测...
预测完成，结果已保存到: output/20250918_150258_414a1dce/prediction.jpg
✅ 预测成功!
处理ID: 20250918_150258_414a1dce
预测结果保存路径: output/20250918_150258_414a1dce/prediction.jpg
2025-09-18 15:03:02,126 - utils.ssh_client - INFO - 远程结果文件已生成: /home/sstl/Disk1/data/silicon/codes/api/output/20250918_150258_414a1dce/prediction.jpg
2025-09-18 15:03:02,127 - utils.ssh_client - INFO - 准备下载文件: /home/sstl/Disk1/data/silicon/codes/api/output/20250918_150258_414a1dce/prediction.jpg -> download\20250918_150258_414a1dce\prediction.jpg
2025-09-18 15:03:02,177 - utils.ssh_client - INFO - 成功下载结果文件: download\20250918_150258_414a1dce\prediction.jpg
2025-09-18 15:03:02,177 - paramiko.transport.sftp - INFO - [chan 0] sftp session closed.
2025-09-18 15:03:02,178 - utils.ssh_client - INFO - SFTP连接已关闭
2025-09-18 15:03:02,178 - utils.ssh_client - INFO - SSH连接已关闭
2025-09-18 15:03:02,185 - paramiko.transport.sftp - INFO - [chan 0] sftp session closed.
2025-09-18 15:03:02,185 - utils.ssh_client - INFO - SFTP连接已关闭
2025-09-18 15:03:02,186 - utils.ssh_client - INFO - SSH连接已关闭
2025-09-18 15:03:08,857 - main_window - INFO - 添加图片: Image0.jpg
2025-09-18 15:03:08,858 - main_window - INFO - 添加图片: Image1.jpg
2025-09-18 15:03:08,858 - main_window - INFO - 添加图片: Image2.jpg
2025-09-18 15:03:08,859 - main_window - INFO - 添加图片: Image3.jpg
2025-09-18 15:03:08,859 - main_window - INFO - 添加图片: Image4.jpg
2025-09-18 15:03:08,859 - main_window - INFO - 添加图片: Image5.jpg
2025-09-18 15:03:08,860 - main_window - INFO - 添加图片: Image6.jpg
2025-09-18 15:03:08,860 - main_window - INFO - 添加图片: Image7.jpg
2025-09-18 15:03:08,860 - main_window - INFO - 添加图片: Image8.jpg
2025-09-18 15:03:08,861 - main_window - INFO - 添加图片: Image9.jpg
2025-09-18 15:03:08,861 - main_window - INFO - 添加图片: Image10.jpg
2025-09-18 15:03:08,861 - main_window - INFO - 添加图片: Image11.jpg
2025-09-18 15:03:08,861 - main_window - INFO - 添加图片: Image12.jpg
2025-09-18 15:03:08,862 - main_window - INFO - 添加图片: Image13.jpg
2025-09-18 15:03:08,862 - main_window - INFO - 添加图片: Image14.jpg
2025-09-18 15:03:09,443 - paramiko.transport - INFO - Connected (version 2.0, client OpenSSH_8.2p1)
2025-09-18 15:03:09,521 - paramiko.transport - INFO - Authentication (publickey) failed.
2025-09-18 15:03:09,546 - paramiko.transport - INFO - Authentication (password) successful!
2025-09-18 15:03:09,705 - paramiko.transport.sftp - INFO - [chan 0] Opened sftp connection (server version 3)
2025-09-18 15:03:09,706 - utils.ssh_client - INFO - 成功连接到服务器
2025-09-18 15:03:09,707 - utils.ssh_client - INFO - 目标远程文件夹路径: /home/sstl/Disk1/data/silicon/codes/api/upload/20250918_150309_4974738f
2025-09-18 15:03:09,708 - utils.ssh_client - INFO - 成功创建远程文件夹: /home/sstl/Disk1/data/silicon/codes/api/upload/20250918_150309_4974738f
2025-09-18 15:03:09,709 - utils.ssh_client - INFO - 正在检查本地文件夹: C:\Users\ADMINI~1\AppData\Local\Temp\tmpsibvnqwa
2025-09-18 15:03:09,709 - utils.ssh_client - INFO - 文件夹是否存在: True
2025-09-18 15:03:09,709 - utils.ssh_client - INFO - 是否为目录: True
2025-09-18 15:03:09,710 - utils.ssh_client - INFO - 在 C:\Users\ADMINI~1\AppData\Local\Temp\tmpsibvnqwa 中找到 15 个项目，准备开始传输...
2025-09-18 15:03:09,784 - utils.ssh_client - INFO - 传输完成！共 15 个文件成功上传到 /home/sstl/Disk1/data/silicon/codes/api/upload/20250918_150309_4974738f
2025-09-18 15:03:13,133 - utils.ssh_client - INFO - 远程处理命令输出: 开始处理 process_id: 20250918_150309_4974738f, 文件夹: /home/sstl/Disk1/data/silicon/codes/api/upload/20250918_150309_4974738f
正在加载预训练模型...
load model: /home/sstl/Disk1/data/silicon/models/predgru/checkpoints-ontonet-3-weighted+sobel/model-best-2894.ckpt
正在从 /home/sstl/Disk1/data/silicon/codes/api/upload/20250918_150309_4974738f 加载图片数据...
找到 15 张图片
生成了 1 个序列（每个序列15帧）
正在进行预测...
预测完成，结果已保存到: output/20250918_150309_4974738f/prediction.jpg
✅ 预测成功!
处理ID: 20250918_150309_4974738f
预测结果保存路径: output/20250918_150309_4974738f/prediction.jpg
2025-09-18 15:03:13,182 - utils.ssh_client - INFO - 远程结果文件已生成: /home/sstl/Disk1/data/silicon/codes/api/output/20250918_150309_4974738f/prediction.jpg
2025-09-18 15:03:13,183 - utils.ssh_client - INFO - 准备下载文件: /home/sstl/Disk1/data/silicon/codes/api/output/20250918_150309_4974738f/prediction.jpg -> download\20250918_150309_4974738f\prediction.jpg
2025-09-18 15:03:13,232 - utils.ssh_client - INFO - 成功下载结果文件: download\20250918_150309_4974738f\prediction.jpg
2025-09-18 15:03:13,233 - paramiko.transport.sftp - INFO - [chan 0] sftp session closed.
2025-09-18 15:03:13,233 - utils.ssh_client - INFO - SFTP连接已关闭
2025-09-18 15:03:13,234 - utils.ssh_client - INFO - SSH连接已关闭
2025-09-18 15:03:13,242 - paramiko.transport.sftp - INFO - [chan 0] sftp session closed.
2025-09-18 15:03:13,242 - utils.ssh_client - INFO - SFTP连接已关闭
2025-09-18 15:03:13,242 - utils.ssh_client - INFO - SSH连接已关闭
2025-09-18 15:03:14,389 - paramiko.transport - INFO - Connected (version 2.0, client OpenSSH_8.2p1)
2025-09-18 15:03:14,466 - paramiko.transport - INFO - Authentication (publickey) failed.
2025-09-18 15:03:14,491 - paramiko.transport - INFO - Authentication (password) successful!
2025-09-18 15:03:14,627 - paramiko.transport.sftp - INFO - [chan 0] Opened sftp connection (server version 3)
2025-09-18 15:03:14,628 - utils.ssh_client - INFO - 成功连接到服务器
2025-09-18 15:03:14,629 - utils.ssh_client - INFO - 目标远程文件夹路径: /home/sstl/Disk1/data/silicon/codes/api/upload/20250918_150314_3a3bf784
2025-09-18 15:03:14,630 - utils.ssh_client - INFO - 成功创建远程文件夹: /home/sstl/Disk1/data/silicon/codes/api/upload/20250918_150314_3a3bf784
2025-09-18 15:03:14,631 - utils.ssh_client - INFO - 正在检查本地文件夹: C:\Users\ADMINI~1\AppData\Local\Temp\tmpy56232vg
2025-09-18 15:03:14,631 - utils.ssh_client - INFO - 文件夹是否存在: True
2025-09-18 15:03:14,631 - utils.ssh_client - INFO - 是否为目录: True
2025-09-18 15:03:14,632 - utils.ssh_client - INFO - 在 C:\Users\ADMINI~1\AppData\Local\Temp\tmpy56232vg 中找到 15 个项目，准备开始传输...
2025-09-18 15:03:14,709 - utils.ssh_client - INFO - 传输完成！共 15 个文件成功上传到 /home/sstl/Disk1/data/silicon/codes/api/upload/20250918_150314_3a3bf784
2025-09-18 15:03:18,105 - utils.ssh_client - INFO - 远程处理命令输出: 开始处理 process_id: 20250918_150314_3a3bf784, 文件夹: /home/sstl/Disk1/data/silicon/codes/api/upload/20250918_150314_3a3bf784
正在加载预训练模型...
load model: /home/sstl/Disk1/data/silicon/models/predgru/checkpoints-ontonet-3-weighted+sobel/model-best-2894.ckpt
正在从 /home/sstl/Disk1/data/silicon/codes/api/upload/20250918_150314_3a3bf784 加载图片数据...
找到 15 张图片
生成了 1 个序列（每个序列15帧）
正在进行预测...
预测完成，结果已保存到: output/20250918_150314_3a3bf784/prediction.jpg
✅ 预测成功!
处理ID: 20250918_150314_3a3bf784
预测结果保存路径: output/20250918_150314_3a3bf784/prediction.jpg
2025-09-18 15:03:18,154 - utils.ssh_client - INFO - 远程结果文件已生成: /home/sstl/Disk1/data/silicon/codes/api/output/20250918_150314_3a3bf784/prediction.jpg
2025-09-18 15:03:18,156 - utils.ssh_client - INFO - 准备下载文件: /home/sstl/Disk1/data/silicon/codes/api/output/20250918_150314_3a3bf784/prediction.jpg -> download\20250918_150314_3a3bf784\prediction.jpg
2025-09-18 15:03:18,205 - utils.ssh_client - INFO - 成功下载结果文件: download\20250918_150314_3a3bf784\prediction.jpg
2025-09-18 15:03:18,205 - paramiko.transport.sftp - INFO - [chan 0] sftp session closed.
2025-09-18 15:03:18,206 - utils.ssh_client - INFO - SFTP连接已关闭
2025-09-18 15:03:18,206 - utils.ssh_client - INFO - SSH连接已关闭
2025-09-18 15:03:18,213 - paramiko.transport.sftp - INFO - [chan 0] sftp session closed.
2025-09-18 15:03:18,213 - utils.ssh_client - INFO - SFTP连接已关闭
2025-09-18 15:03:18,214 - utils.ssh_client - INFO - SSH连接已关闭
2025-09-18 15:03:28,873 - main_window - INFO - 添加图片: Image0.jpg
2025-09-18 15:03:28,874 - main_window - INFO - 添加图片: Image1.jpg
2025-09-18 15:03:28,874 - main_window - INFO - 添加图片: Image2.jpg
2025-09-18 15:03:28,875 - main_window - INFO - 添加图片: Image3.jpg
2025-09-18 15:03:28,875 - main_window - INFO - 添加图片: Image4.jpg
2025-09-18 15:03:28,875 - main_window - INFO - 添加图片: Image5.jpg
2025-09-18 15:03:28,876 - main_window - INFO - 添加图片: Image6.jpg
2025-09-18 15:03:28,876 - main_window - INFO - 添加图片: Image7.jpg
2025-09-18 15:03:28,876 - main_window - INFO - 添加图片: Image8.jpg
2025-09-18 15:03:28,876 - main_window - INFO - 添加图片: Image9.jpg
2025-09-18 15:03:28,877 - main_window - INFO - 添加图片: Image10.jpg
2025-09-18 15:03:31,879 - main_window - INFO - 添加图片: Image0.jpg
2025-09-18 15:03:31,879 - main_window - INFO - 添加图片: Image1.jpg
2025-09-18 15:03:31,880 - main_window - INFO - 添加图片: Image2.jpg
2025-09-18 15:03:31,880 - main_window - INFO - 添加图片: Image3.jpg
2025-09-18 15:03:31,880 - main_window - INFO - 添加图片: Image4.jpg
2025-09-18 15:03:31,881 - main_window - INFO - 添加图片: Image5.jpg
2025-09-18 15:03:31,881 - main_window - INFO - 添加图片: Image6.jpg
2025-09-18 15:03:31,881 - main_window - INFO - 添加图片: Image7.jpg
2025-09-18 15:03:31,882 - main_window - INFO - 添加图片: Image8.jpg
2025-09-18 15:03:31,882 - main_window - INFO - 添加图片: Image9.jpg
2025-09-18 15:03:31,882 - main_window - INFO - 添加图片: Image10.jpg
2025-09-18 15:03:31,883 - main_window - INFO - 添加图片: Image11.jpg
2025-09-18 15:03:31,883 - main_window - INFO - 添加图片: Image12.jpg
2025-09-18 15:03:31,883 - main_window - INFO - 添加图片: Image13.jpg
2025-09-18 15:03:31,884 - main_window - INFO - 添加图片: Image14.jpg
2025-09-18 15:03:36,056 - paramiko.transport - INFO - Connected (version 2.0, client OpenSSH_8.2p1)
2025-09-18 15:03:36,137 - paramiko.transport - INFO - Authentication (publickey) failed.
2025-09-18 15:03:36,164 - paramiko.transport - INFO - Authentication (password) successful!
2025-09-18 15:03:36,316 - paramiko.transport.sftp - INFO - [chan 0] Opened sftp connection (server version 3)
2025-09-18 15:03:36,318 - utils.ssh_client - INFO - 成功连接到服务器
2025-09-18 15:03:36,318 - utils.ssh_client - INFO - 目标远程文件夹路径: /home/sstl/Disk1/data/silicon/codes/api/upload/20250918_150336_1daa5017
2025-09-18 15:03:36,324 - utils.ssh_client - INFO - 成功创建远程文件夹: /home/sstl/Disk1/data/silicon/codes/api/upload/20250918_150336_1daa5017
2025-09-18 15:03:36,324 - utils.ssh_client - INFO - 正在检查本地文件夹: C:\Users\ADMINI~1\AppData\Local\Temp\tmprdna9f2j
2025-09-18 15:03:36,325 - utils.ssh_client - INFO - 文件夹是否存在: True
2025-09-18 15:03:36,325 - utils.ssh_client - INFO - 是否为目录: True
2025-09-18 15:03:36,326 - utils.ssh_client - INFO - 在 C:\Users\ADMINI~1\AppData\Local\Temp\tmprdna9f2j 中找到 15 个项目，准备开始传输...
2025-09-18 15:03:36,407 - utils.ssh_client - INFO - 传输完成！共 15 个文件成功上传到 /home/sstl/Disk1/data/silicon/codes/api/upload/20250918_150336_1daa5017
2025-09-18 15:03:39,797 - utils.ssh_client - INFO - 远程处理命令输出: 开始处理 process_id: 20250918_150336_1daa5017, 文件夹: /home/sstl/Disk1/data/silicon/codes/api/upload/20250918_150336_1daa5017
正在加载预训练模型...
load model: /home/sstl/Disk1/data/silicon/models/predgru/checkpoints-ontonet-3-weighted+sobel/model-best-2894.ckpt
正在从 /home/sstl/Disk1/data/silicon/codes/api/upload/20250918_150336_1daa5017 加载图片数据...
找到 15 张图片
生成了 1 个序列（每个序列15帧）
正在进行预测...
预测完成，结果已保存到: output/20250918_150336_1daa5017/prediction.jpg
✅ 预测成功!
处理ID: 20250918_150336_1daa5017
预测结果保存路径: output/20250918_150336_1daa5017/prediction.jpg
2025-09-18 15:03:39,846 - utils.ssh_client - INFO - 远程结果文件已生成: /home/sstl/Disk1/data/silicon/codes/api/output/20250918_150336_1daa5017/prediction.jpg
2025-09-18 15:03:39,848 - utils.ssh_client - INFO - 准备下载文件: /home/sstl/Disk1/data/silicon/codes/api/output/20250918_150336_1daa5017/prediction.jpg -> download\20250918_150336_1daa5017\prediction.jpg
2025-09-18 15:03:39,897 - utils.ssh_client - INFO - 成功下载结果文件: download\20250918_150336_1daa5017\prediction.jpg
2025-09-18 15:03:39,897 - paramiko.transport.sftp - INFO - [chan 0] sftp session closed.
2025-09-18 15:03:39,898 - utils.ssh_client - INFO - SFTP连接已关闭
2025-09-18 15:03:39,899 - utils.ssh_client - INFO - SSH连接已关闭
2025-09-18 15:03:39,936 - paramiko.transport.sftp - INFO - [chan 0] sftp session closed.
2025-09-18 15:03:39,937 - utils.ssh_client - INFO - SFTP连接已关闭
2025-09-18 15:03:39,938 - utils.ssh_client - INFO - SSH连接已关闭
2025-09-18 15:03:44,057 - main_window - INFO - 应用程序关闭
2025-09-18 15:03:46,037 - main_window - INFO - 界面初始化完成
2025-09-18 15:03:46,037 - main_window - INFO - 日志系统初始化完成
2025-09-18 15:03:49,197 - main_window - INFO - 添加图片: Image0.jpg
2025-09-18 15:03:49,197 - main_window - INFO - 添加图片: Image1.jpg
2025-09-18 15:03:49,198 - main_window - INFO - 添加图片: Image2.jpg
2025-09-18 15:03:49,198 - main_window - INFO - 添加图片: Image3.jpg
2025-09-18 15:03:49,198 - main_window - INFO - 添加图片: Image4.jpg
2025-09-18 15:03:49,198 - main_window - INFO - 添加图片: Image5.jpg
2025-09-18 15:03:49,199 - main_window - INFO - 添加图片: Image6.jpg
2025-09-18 15:03:49,199 - main_window - INFO - 添加图片: Image7.jpg
2025-09-18 15:03:49,200 - main_window - INFO - 添加图片: Image8.jpg
2025-09-18 15:03:49,200 - main_window - INFO - 添加图片: Image9.jpg
2025-09-18 15:03:49,200 - main_window - INFO - 添加图片: Image10.jpg
2025-09-18 15:03:49,200 - main_window - INFO - 添加图片: Image11.jpg
2025-09-18 15:03:49,201 - main_window - INFO - 添加图片: Image12.jpg
2025-09-18 15:03:49,201 - main_window - INFO - 添加图片: Image13.jpg
2025-09-18 15:03:49,201 - main_window - INFO - 添加图片: Image14.jpg
2025-09-18 15:03:49,919 - paramiko.transport - INFO - Connected (version 2.0, client OpenSSH_8.2p1)
2025-09-18 15:03:49,982 - paramiko.transport - INFO - Authentication (publickey) failed.
2025-09-18 15:03:49,989 - paramiko.transport - INFO - Authentication (password) successful!
2025-09-18 15:03:50,120 - paramiko.transport.sftp - INFO - [chan 0] Opened sftp connection (server version 3)
2025-09-18 15:03:50,121 - utils.ssh_client - INFO - 成功连接到服务器
2025-09-18 15:03:50,122 - utils.ssh_client - INFO - 目标远程文件夹路径: /home/sstl/Disk1/data/silicon/codes/api/upload/20250918_150349_88a2517c
2025-09-18 15:03:50,124 - utils.ssh_client - INFO - 成功创建远程文件夹: /home/sstl/Disk1/data/silicon/codes/api/upload/20250918_150349_88a2517c
2025-09-18 15:03:50,124 - utils.ssh_client - INFO - 正在检查本地文件夹: C:\Users\ADMINI~1\AppData\Local\Temp\tmp7jt0s9tb
2025-09-18 15:03:50,124 - utils.ssh_client - INFO - 文件夹是否存在: True
2025-09-18 15:03:50,125 - utils.ssh_client - INFO - 是否为目录: True
2025-09-18 15:03:50,125 - utils.ssh_client - INFO - 在 C:\Users\ADMINI~1\AppData\Local\Temp\tmp7jt0s9tb 中找到 15 个项目，准备开始传输...
2025-09-18 15:03:50,201 - utils.ssh_client - INFO - 传输完成！共 15 个文件成功上传到 /home/sstl/Disk1/data/silicon/codes/api/upload/20250918_150349_88a2517c
2025-09-18 15:03:53,582 - utils.ssh_client - INFO - 远程处理命令输出: 开始处理 process_id: 20250918_150349_88a2517c, 文件夹: /home/sstl/Disk1/data/silicon/codes/api/upload/20250918_150349_88a2517c
正在加载预训练模型...
load model: /home/sstl/Disk1/data/silicon/models/predgru/checkpoints-ontonet-3-weighted+sobel/model-best-2894.ckpt
正在从 /home/sstl/Disk1/data/silicon/codes/api/upload/20250918_150349_88a2517c 加载图片数据...
找到 15 张图片
生成了 1 个序列（每个序列15帧）
正在进行预测...
预测完成，结果已保存到: output/20250918_150349_88a2517c/prediction.jpg
✅ 预测成功!
处理ID: 20250918_150349_88a2517c
预测结果保存路径: output/20250918_150349_88a2517c/prediction.jpg
2025-09-18 15:03:53,629 - utils.ssh_client - INFO - 远程结果文件已生成: /home/sstl/Disk1/data/silicon/codes/api/output/20250918_150349_88a2517c/prediction.jpg
2025-09-18 15:03:53,631 - utils.ssh_client - INFO - 准备下载文件: /home/sstl/Disk1/data/silicon/codes/api/output/20250918_150349_88a2517c/prediction.jpg -> download\20250918_150349_88a2517c\prediction.jpg
2025-09-18 15:03:53,680 - utils.ssh_client - INFO - 成功下载结果文件: download\20250918_150349_88a2517c\prediction.jpg
2025-09-18 15:03:53,681 - paramiko.transport.sftp - INFO - [chan 0] sftp session closed.
2025-09-18 15:03:53,681 - utils.ssh_client - INFO - SFTP连接已关闭
2025-09-18 15:03:53,682 - utils.ssh_client - INFO - SSH连接已关闭
2025-09-18 15:03:53,689 - paramiko.transport.sftp - INFO - [chan 0] sftp session closed.
2025-09-18 15:03:53,689 - utils.ssh_client - INFO - SFTP连接已关闭
2025-09-18 15:03:53,690 - utils.ssh_client - INFO - SSH连接已关闭
2025-09-18 15:04:05,685 - paramiko.transport - INFO - Connected (version 2.0, client OpenSSH_8.2p1)
2025-09-18 15:04:05,756 - paramiko.transport - INFO - Authentication (publickey) failed.
2025-09-18 15:04:05,781 - paramiko.transport - INFO - Authentication (password) successful!
2025-09-18 15:04:05,929 - paramiko.transport.sftp - INFO - [chan 0] Opened sftp connection (server version 3)
2025-09-18 15:04:05,931 - utils.ssh_client - INFO - 成功连接到服务器
2025-09-18 15:04:05,931 - utils.ssh_client - INFO - 目标远程文件夹路径: /home/sstl/Disk1/data/silicon/codes/api/upload/20250918_150405_8e5b00fa
2025-09-18 15:04:05,933 - utils.ssh_client - INFO - 成功创建远程文件夹: /home/sstl/Disk1/data/silicon/codes/api/upload/20250918_150405_8e5b00fa
2025-09-18 15:04:05,933 - utils.ssh_client - INFO - 正在检查本地文件夹: C:\Users\ADMINI~1\AppData\Local\Temp\tmpupplt2k9
2025-09-18 15:04:05,933 - utils.ssh_client - INFO - 文件夹是否存在: True
2025-09-18 15:04:05,934 - utils.ssh_client - INFO - 是否为目录: True
2025-09-18 15:04:05,934 - utils.ssh_client - INFO - 在 C:\Users\ADMINI~1\AppData\Local\Temp\tmpupplt2k9 中找到 15 个项目，准备开始传输...
2025-09-18 15:04:06,009 - utils.ssh_client - INFO - 传输完成！共 15 个文件成功上传到 /home/sstl/Disk1/data/silicon/codes/api/upload/20250918_150405_8e5b00fa
2025-09-18 15:04:09,385 - utils.ssh_client - INFO - 远程处理命令输出: 开始处理 process_id: 20250918_150405_8e5b00fa, 文件夹: /home/sstl/Disk1/data/silicon/codes/api/upload/20250918_150405_8e5b00fa
正在加载预训练模型...
load model: /home/sstl/Disk1/data/silicon/models/predgru/checkpoints-ontonet-3-weighted+sobel/model-best-2894.ckpt
正在从 /home/sstl/Disk1/data/silicon/codes/api/upload/20250918_150405_8e5b00fa 加载图片数据...
找到 15 张图片
生成了 1 个序列（每个序列15帧）
正在进行预测...
预测完成，结果已保存到: output/20250918_150405_8e5b00fa/prediction.jpg
✅ 预测成功!
处理ID: 20250918_150405_8e5b00fa
预测结果保存路径: output/20250918_150405_8e5b00fa/prediction.jpg
2025-09-18 15:04:09,433 - utils.ssh_client - INFO - 远程结果文件已生成: /home/sstl/Disk1/data/silicon/codes/api/output/20250918_150405_8e5b00fa/prediction.jpg
2025-09-18 15:04:09,435 - utils.ssh_client - INFO - 准备下载文件: /home/sstl/Disk1/data/silicon/codes/api/output/20250918_150405_8e5b00fa/prediction.jpg -> download\20250918_150405_8e5b00fa\prediction.jpg
2025-09-18 15:04:09,483 - utils.ssh_client - INFO - 成功下载结果文件: download\20250918_150405_8e5b00fa\prediction.jpg
2025-09-18 15:04:09,484 - paramiko.transport.sftp - INFO - [chan 0] sftp session closed.
2025-09-18 15:04:09,485 - utils.ssh_client - INFO - SFTP连接已关闭
2025-09-18 15:04:09,485 - utils.ssh_client - INFO - SSH连接已关闭
2025-09-18 15:04:09,492 - paramiko.transport.sftp - INFO - [chan 0] sftp session closed.
2025-09-18 15:04:09,493 - utils.ssh_client - INFO - SFTP连接已关闭
2025-09-18 15:04:09,494 - utils.ssh_client - INFO - SSH连接已关闭
2025-09-18 15:04:11,090 - main_window - INFO - 应用程序关闭
2025-09-18 15:06:04,637 - main_window - INFO - 界面初始化完成
2025-09-18 15:06:04,638 - main_window - INFO - 日志系统初始化完成
2025-09-18 15:06:08,252 - main_window - INFO - 添加图片: Image0.jpg
2025-09-18 15:06:08,253 - main_window - INFO - 添加图片: Image1.jpg
2025-09-18 15:06:08,253 - main_window - INFO - 添加图片: Image2.jpg
2025-09-18 15:06:08,253 - main_window - INFO - 添加图片: Image3.jpg
2025-09-18 15:06:08,253 - main_window - INFO - 添加图片: Image4.jpg
2025-09-18 15:06:08,254 - main_window - INFO - 添加图片: Image5.jpg
2025-09-18 15:06:08,254 - main_window - INFO - 添加图片: Image6.jpg
2025-09-18 15:06:08,254 - main_window - INFO - 添加图片: Image7.jpg
2025-09-18 15:06:08,255 - main_window - INFO - 添加图片: Image8.jpg
2025-09-18 15:06:08,255 - main_window - INFO - 添加图片: Image9.jpg
2025-09-18 15:06:08,255 - main_window - INFO - 添加图片: Image10.jpg
2025-09-18 15:06:08,256 - main_window - INFO - 添加图片: Image11.jpg
2025-09-18 15:06:08,256 - main_window - INFO - 添加图片: Image12.jpg
2025-09-18 15:06:08,256 - main_window - INFO - 添加图片: Image13.jpg
2025-09-18 15:06:08,257 - main_window - INFO - 添加图片: Image14.jpg
2025-09-18 15:06:09,168 - paramiko.transport - INFO - Connected (version 2.0, client OpenSSH_8.2p1)
2025-09-18 15:06:09,246 - paramiko.transport - INFO - Authentication (publickey) failed.
2025-09-18 15:06:09,272 - paramiko.transport - INFO - Authentication (password) successful!
2025-09-18 15:06:09,416 - paramiko.transport.sftp - INFO - [chan 0] Opened sftp connection (server version 3)
2025-09-18 15:06:09,418 - utils.ssh_client - INFO - 成功连接到服务器
2025-09-18 15:06:09,418 - utils.ssh_client - INFO - 目标远程文件夹路径: /home/sstl/Disk1/data/silicon/codes/api/upload/20250918_150609_c435564c
2025-09-18 15:06:09,420 - utils.ssh_client - INFO - 成功创建远程文件夹: /home/sstl/Disk1/data/silicon/codes/api/upload/20250918_150609_c435564c
2025-09-18 15:06:09,420 - utils.ssh_client - INFO - 正在检查本地文件夹: C:\Users\ADMINI~1\AppData\Local\Temp\tmp61jplwz3
2025-09-18 15:06:09,420 - utils.ssh_client - INFO - 文件夹是否存在: True
2025-09-18 15:06:09,421 - utils.ssh_client - INFO - 是否为目录: True
2025-09-18 15:06:09,421 - utils.ssh_client - INFO - 在 C:\Users\ADMINI~1\AppData\Local\Temp\tmp61jplwz3 中找到 15 个项目，准备开始传输...
2025-09-18 15:06:09,499 - utils.ssh_client - INFO - 传输完成！共 15 个文件成功上传到 /home/sstl/Disk1/data/silicon/codes/api/upload/20250918_150609_c435564c
2025-09-18 15:06:12,862 - utils.ssh_client - INFO - 远程处理命令输出: 开始处理 process_id: 20250918_150609_c435564c, 文件夹: /home/sstl/Disk1/data/silicon/codes/api/upload/20250918_150609_c435564c
正在加载预训练模型...
load model: /home/sstl/Disk1/data/silicon/models/predgru/checkpoints-ontonet-3-weighted+sobel/model-best-2894.ckpt
正在从 /home/sstl/Disk1/data/silicon/codes/api/upload/20250918_150609_c435564c 加载图片数据...
找到 15 张图片
生成了 1 个序列（每个序列15帧）
正在进行预测...
预测完成，结果已保存到: output/20250918_150609_c435564c/prediction.jpg
✅ 预测成功!
处理ID: 20250918_150609_c435564c
预测结果保存路径: output/20250918_150609_c435564c/prediction.jpg
2025-09-18 15:06:12,912 - utils.ssh_client - INFO - 远程结果文件已生成: /home/sstl/Disk1/data/silicon/codes/api/output/20250918_150609_c435564c/prediction.jpg
2025-09-18 15:06:12,914 - utils.ssh_client - INFO - 准备下载文件: /home/sstl/Disk1/data/silicon/codes/api/output/20250918_150609_c435564c/prediction.jpg -> download\20250918_150609_c435564c\prediction.jpg
2025-09-18 15:06:12,963 - utils.ssh_client - INFO - 成功下载结果文件: download\20250918_150609_c435564c\prediction.jpg
2025-09-18 15:06:12,964 - paramiko.transport.sftp - INFO - [chan 0] sftp session closed.
2025-09-18 15:06:12,964 - utils.ssh_client - INFO - SFTP连接已关闭
2025-09-18 15:06:12,965 - utils.ssh_client - INFO - SSH连接已关闭
2025-09-18 15:06:12,972 - paramiko.transport.sftp - INFO - [chan 0] sftp session closed.
2025-09-18 15:06:12,972 - utils.ssh_client - INFO - SFTP连接已关闭
2025-09-18 15:06:12,973 - utils.ssh_client - INFO - SSH连接已关闭
2025-09-18 15:06:14,761 - main_window - INFO - 应用程序关闭
2025-09-18 15:06:16,477 - main_window - INFO - 界面初始化完成
2025-09-18 15:06:16,477 - main_window - INFO - 日志系统初始化完成
2025-09-18 15:06:20,016 - main_window - INFO - 添加图片: Image0.jpg
2025-09-18 15:06:20,017 - main_window - INFO - 添加图片: Image1.jpg
2025-09-18 15:06:20,017 - main_window - INFO - 添加图片: Image2.jpg
2025-09-18 15:06:20,017 - main_window - INFO - 添加图片: Image3.jpg
2025-09-18 15:06:20,018 - main_window - INFO - 添加图片: Image4.jpg
2025-09-18 15:06:20,018 - main_window - INFO - 添加图片: Image5.jpg
2025-09-18 15:06:20,018 - main_window - INFO - 添加图片: Image6.jpg
2025-09-18 15:06:20,019 - main_window - INFO - 添加图片: Image7.jpg
2025-09-18 15:06:20,019 - main_window - INFO - 添加图片: Image8.jpg
2025-09-18 15:06:20,019 - main_window - INFO - 添加图片: Image9.jpg
2025-09-18 15:06:20,020 - main_window - INFO - 添加图片: Image10.jpg
2025-09-18 15:06:20,020 - main_window - INFO - 添加图片: Image11.jpg
2025-09-18 15:06:20,020 - main_window - INFO - 添加图片: Image12.jpg
2025-09-18 15:06:20,020 - main_window - INFO - 添加图片: Image13.jpg
2025-09-18 15:06:20,021 - main_window - INFO - 添加图片: Image14.jpg
2025-09-18 15:06:20,557 - paramiko.transport - INFO - Connected (version 2.0, client OpenSSH_8.2p1)
2025-09-18 15:06:20,622 - paramiko.transport - INFO - Authentication (publickey) failed.
2025-09-18 15:06:20,647 - paramiko.transport - INFO - Authentication (password) successful!
2025-09-18 15:06:20,765 - paramiko.transport.sftp - INFO - [chan 0] Opened sftp connection (server version 3)
2025-09-18 15:06:20,766 - utils.ssh_client - INFO - 成功连接到服务器
2025-09-18 15:06:20,766 - utils.ssh_client - INFO - 目标远程文件夹路径: /home/sstl/Disk1/data/silicon/codes/api/upload/20250918_150620_8fac213a
2025-09-18 15:06:20,768 - utils.ssh_client - INFO - 成功创建远程文件夹: /home/sstl/Disk1/data/silicon/codes/api/upload/20250918_150620_8fac213a
2025-09-18 15:06:20,768 - utils.ssh_client - INFO - 正在检查本地文件夹: C:\Users\ADMINI~1\AppData\Local\Temp\tmpmtno5nlm
2025-09-18 15:06:20,769 - utils.ssh_client - INFO - 文件夹是否存在: True
2025-09-18 15:06:20,769 - utils.ssh_client - INFO - 是否为目录: True
2025-09-18 15:06:20,769 - utils.ssh_client - INFO - 在 C:\Users\ADMINI~1\AppData\Local\Temp\tmpmtno5nlm 中找到 15 个项目，准备开始传输...
2025-09-18 15:06:20,845 - utils.ssh_client - INFO - 传输完成！共 15 个文件成功上传到 /home/sstl/Disk1/data/silicon/codes/api/upload/20250918_150620_8fac213a
2025-09-18 15:06:24,219 - utils.ssh_client - INFO - 远程处理命令输出: 开始处理 process_id: 20250918_150620_8fac213a, 文件夹: /home/sstl/Disk1/data/silicon/codes/api/upload/20250918_150620_8fac213a
正在加载预训练模型...
load model: /home/sstl/Disk1/data/silicon/models/predgru/checkpoints-ontonet-3-weighted+sobel/model-best-2894.ckpt
正在从 /home/sstl/Disk1/data/silicon/codes/api/upload/20250918_150620_8fac213a 加载图片数据...
找到 15 张图片
生成了 1 个序列（每个序列15帧）
正在进行预测...
预测完成，结果已保存到: output/20250918_150620_8fac213a/prediction.jpg
✅ 预测成功!
处理ID: 20250918_150620_8fac213a
预测结果保存路径: output/20250918_150620_8fac213a/prediction.jpg
2025-09-18 15:06:24,268 - utils.ssh_client - INFO - 远程结果文件已生成: /home/sstl/Disk1/data/silicon/codes/api/output/20250918_150620_8fac213a/prediction.jpg
2025-09-18 15:06:24,269 - utils.ssh_client - INFO - 准备下载文件: /home/sstl/Disk1/data/silicon/codes/api/output/20250918_150620_8fac213a/prediction.jpg -> download\20250918_150620_8fac213a\prediction.jpg
2025-09-18 15:06:24,319 - utils.ssh_client - INFO - 成功下载结果文件: download\20250918_150620_8fac213a\prediction.jpg
2025-09-18 15:06:24,320 - paramiko.transport.sftp - INFO - [chan 0] sftp session closed.
2025-09-18 15:06:24,321 - utils.ssh_client - INFO - SFTP连接已关闭
2025-09-18 15:06:24,321 - utils.ssh_client - INFO - SSH连接已关闭
2025-09-18 15:06:24,327 - paramiko.transport.sftp - INFO - [chan 0] sftp session closed.
2025-09-18 15:06:24,328 - utils.ssh_client - INFO - SFTP连接已关闭
2025-09-18 15:06:24,328 - utils.ssh_client - INFO - SSH连接已关闭
2025-09-18 15:08:50,764 - main_window - INFO - 环境变量配置检查通过
2025-09-18 15:08:50,913 - main_window - INFO - 界面初始化完成
2025-09-18 15:08:50,913 - main_window - INFO - 日志系统初始化完成
2025-09-18 15:08:54,687 - main_window - INFO - 添加图片: Image0.jpg
2025-09-18 15:08:54,688 - main_window - INFO - 添加图片: Image1.jpg
2025-09-18 15:08:54,688 - main_window - INFO - 添加图片: Image2.jpg
2025-09-18 15:08:54,688 - main_window - INFO - 添加图片: Image3.jpg
2025-09-18 15:08:54,688 - main_window - INFO - 添加图片: Image4.jpg
2025-09-18 15:08:54,689 - main_window - INFO - 添加图片: Image5.jpg
2025-09-18 15:08:54,689 - main_window - INFO - 添加图片: Image6.jpg
2025-09-18 15:08:54,689 - main_window - INFO - 添加图片: Image7.jpg
2025-09-18 15:08:54,690 - main_window - INFO - 添加图片: Image8.jpg
2025-09-18 15:08:54,690 - main_window - INFO - 添加图片: Image9.jpg
2025-09-18 15:08:54,690 - main_window - INFO - 添加图片: Image10.jpg
2025-09-18 15:08:54,690 - main_window - INFO - 添加图片: Image11.jpg
2025-09-18 15:08:54,691 - main_window - INFO - 添加图片: Image12.jpg
2025-09-18 15:08:54,691 - main_window - INFO - 添加图片: Image13.jpg
2025-09-18 15:08:54,691 - main_window - INFO - 添加图片: Image14.jpg
2025-09-18 15:08:55,579 - paramiko.transport - INFO - Connected (version 2.0, client OpenSSH_8.2p1)
2025-09-18 15:08:55,643 - paramiko.transport - INFO - Authentication (publickey) failed.
2025-09-18 15:08:55,653 - paramiko.transport - INFO - Authentication (password) successful!
2025-09-18 15:08:55,760 - paramiko.transport.sftp - INFO - [chan 0] Opened sftp connection (server version 3)
2025-09-18 15:08:55,761 - utils.ssh_client - INFO - 成功连接到服务器
2025-09-18 15:08:55,762 - utils.ssh_client - INFO - 目标远程文件夹路径: /home/sstl/Disk1/data/silicon/codes/api/upload/20250918_150855_99be4cfa
2025-09-18 15:08:55,767 - utils.ssh_client - INFO - 成功创建远程文件夹: /home/sstl/Disk1/data/silicon/codes/api/upload/20250918_150855_99be4cfa
2025-09-18 15:08:55,768 - utils.ssh_client - INFO - 正在检查本地文件夹: C:\Users\ADMINI~1\AppData\Local\Temp\tmpbfsxav60
2025-09-18 15:08:55,768 - utils.ssh_client - INFO - 文件夹是否存在: True
2025-09-18 15:08:55,769 - utils.ssh_client - INFO - 是否为目录: True
2025-09-18 15:08:55,769 - utils.ssh_client - INFO - 在 C:\Users\ADMINI~1\AppData\Local\Temp\tmpbfsxav60 中找到 15 个项目，准备开始传输...
2025-09-18 15:08:55,846 - utils.ssh_client - INFO - 传输完成！共 15 个文件成功上传到 /home/sstl/Disk1/data/silicon/codes/api/upload/20250918_150855_99be4cfa
2025-09-18 15:08:59,228 - utils.ssh_client - INFO - 远程处理命令输出: 开始处理 process_id: 20250918_150855_99be4cfa, 文件夹: /home/sstl/Disk1/data/silicon/codes/api/upload/20250918_150855_99be4cfa
正在加载预训练模型...
load model: /home/sstl/Disk1/data/silicon/models/predgru/checkpoints-ontonet-3-weighted+sobel/model-best-2894.ckpt
正在从 /home/sstl/Disk1/data/silicon/codes/api/upload/20250918_150855_99be4cfa 加载图片数据...
找到 15 张图片
生成了 1 个序列（每个序列15帧）
正在进行预测...
预测完成，结果已保存到: output/20250918_150855_99be4cfa/prediction.jpg
✅ 预测成功!
处理ID: 20250918_150855_99be4cfa
预测结果保存路径: output/20250918_150855_99be4cfa/prediction.jpg
2025-09-18 15:08:59,277 - utils.ssh_client - INFO - 远程结果文件已生成: /home/sstl/Disk1/data/silicon/codes/api/output/20250918_150855_99be4cfa/prediction.jpg
2025-09-18 15:08:59,279 - utils.ssh_client - INFO - 准备下载文件: /home/sstl/Disk1/data/silicon/codes/api/output/20250918_150855_99be4cfa/prediction.jpg -> download\20250918_150855_99be4cfa\prediction.jpg
2025-09-18 15:08:59,328 - utils.ssh_client - INFO - 成功下载结果文件: download\20250918_150855_99be4cfa\prediction.jpg
2025-09-18 15:08:59,328 - paramiko.transport.sftp - INFO - [chan 0] sftp session closed.
2025-09-18 15:08:59,329 - utils.ssh_client - INFO - SFTP连接已关闭
2025-09-18 15:08:59,330 - utils.ssh_client - INFO - SSH连接已关闭
2025-09-18 15:08:59,335 - paramiko.transport.sftp - INFO - [chan 0] sftp session closed.
2025-09-18 15:08:59,335 - utils.ssh_client - INFO - SFTP连接已关闭
2025-09-18 15:08:59,336 - utils.ssh_client - INFO - SSH连接已关闭
2025-09-18 15:09:04,642 - main_window - INFO - 环境变量配置检查通过
2025-09-18 15:09:04,784 - main_window - INFO - 界面初始化完成
2025-09-18 15:09:04,785 - main_window - INFO - 日志系统初始化完成
2025-09-18 15:09:08,331 - main_window - INFO - 添加图片: Image0.jpg
2025-09-18 15:09:08,332 - main_window - INFO - 添加图片: Image1.jpg
2025-09-18 15:09:08,332 - main_window - INFO - 添加图片: Image2.jpg
2025-09-18 15:09:08,333 - main_window - INFO - 添加图片: Image3.jpg
2025-09-18 15:09:08,333 - main_window - INFO - 添加图片: Image4.jpg
2025-09-18 15:09:08,333 - main_window - INFO - 添加图片: Image5.jpg
2025-09-18 15:09:08,333 - main_window - INFO - 添加图片: Image6.jpg
2025-09-18 15:09:08,334 - main_window - INFO - 添加图片: Image7.jpg
2025-09-18 15:09:08,334 - main_window - INFO - 添加图片: Image8.jpg
2025-09-18 15:09:08,335 - main_window - INFO - 添加图片: Image9.jpg
2025-09-18 15:09:08,335 - main_window - INFO - 添加图片: Image10.jpg
2025-09-18 15:09:08,335 - main_window - INFO - 添加图片: Image11.jpg
2025-09-18 15:09:08,335 - main_window - INFO - 添加图片: Image12.jpg
2025-09-18 15:09:08,336 - main_window - INFO - 添加图片: Image13.jpg
2025-09-18 15:09:08,336 - main_window - INFO - 添加图片: Image14.jpg
2025-09-18 15:09:08,877 - paramiko.transport - INFO - Connected (version 2.0, client OpenSSH_8.2p1)
2025-09-18 15:09:08,953 - paramiko.transport - INFO - Authentication (publickey) failed.
2025-09-18 15:09:08,979 - paramiko.transport - INFO - Authentication (password) successful!
2025-09-18 15:09:09,117 - paramiko.transport.sftp - INFO - [chan 0] Opened sftp connection (server version 3)
2025-09-18 15:09:09,119 - utils.ssh_client - INFO - 成功连接到服务器
2025-09-18 15:09:09,119 - utils.ssh_client - INFO - 目标远程文件夹路径: /home/sstl/Disk1/data/silicon/codes/api/upload/20250918_150908_42b08a63
2025-09-18 15:09:09,121 - utils.ssh_client - INFO - 成功创建远程文件夹: /home/sstl/Disk1/data/silicon/codes/api/upload/20250918_150908_42b08a63
2025-09-18 15:09:09,121 - utils.ssh_client - INFO - 正在检查本地文件夹: C:\Users\ADMINI~1\AppData\Local\Temp\tmp00y5n0lk
2025-09-18 15:09:09,121 - utils.ssh_client - INFO - 文件夹是否存在: True
2025-09-18 15:09:09,122 - utils.ssh_client - INFO - 是否为目录: True
2025-09-18 15:09:09,122 - utils.ssh_client - INFO - 在 C:\Users\ADMINI~1\AppData\Local\Temp\tmp00y5n0lk 中找到 15 个项目，准备开始传输...
2025-09-18 15:09:09,200 - utils.ssh_client - INFO - 传输完成！共 15 个文件成功上传到 /home/sstl/Disk1/data/silicon/codes/api/upload/20250918_150908_42b08a63
2025-09-18 15:09:12,567 - utils.ssh_client - INFO - 远程处理命令输出: 开始处理 process_id: 20250918_150908_42b08a63, 文件夹: /home/sstl/Disk1/data/silicon/codes/api/upload/20250918_150908_42b08a63
正在加载预训练模型...
load model: /home/sstl/Disk1/data/silicon/models/predgru/checkpoints-ontonet-3-weighted+sobel/model-best-2894.ckpt
正在从 /home/sstl/Disk1/data/silicon/codes/api/upload/20250918_150908_42b08a63 加载图片数据...
找到 15 张图片
生成了 1 个序列（每个序列15帧）
正在进行预测...
预测完成，结果已保存到: output/20250918_150908_42b08a63/prediction.jpg
✅ 预测成功!
处理ID: 20250918_150908_42b08a63
预测结果保存路径: output/20250918_150908_42b08a63/prediction.jpg
2025-09-18 15:09:12,617 - utils.ssh_client - INFO - 远程结果文件已生成: /home/sstl/Disk1/data/silicon/codes/api/output/20250918_150908_42b08a63/prediction.jpg
2025-09-18 15:09:12,619 - utils.ssh_client - INFO - 准备下载文件: /home/sstl/Disk1/data/silicon/codes/api/output/20250918_150908_42b08a63/prediction.jpg -> download\20250918_150908_42b08a63\prediction.jpg
2025-09-18 15:09:12,671 - utils.ssh_client - INFO - 成功下载结果文件: download\20250918_150908_42b08a63\prediction.jpg
2025-09-18 15:09:12,671 - paramiko.transport.sftp - INFO - [chan 0] sftp session closed.
2025-09-18 15:09:12,672 - utils.ssh_client - INFO - SFTP连接已关闭
2025-09-18 15:09:12,672 - utils.ssh_client - INFO - SSH连接已关闭
2025-09-18 15:09:12,679 - paramiko.transport.sftp - INFO - [chan 0] sftp session closed.
2025-09-18 15:09:12,679 - utils.ssh_client - INFO - SFTP连接已关闭
2025-09-18 15:09:12,680 - utils.ssh_client - INFO - SSH连接已关闭
2025-09-18 15:11:23,609 - main_window - INFO - 环境变量配置检查通过
2025-09-18 15:11:23,755 - main_window - INFO - 界面初始化完成
2025-09-18 15:11:23,755 - main_window - INFO - 日志系统初始化完成
2025-09-18 15:11:27,765 - main_window - INFO - 添加图片: Image0.jpg
2025-09-18 15:11:27,766 - main_window - INFO - 添加图片: Image1.jpg
2025-09-18 15:11:27,766 - main_window - INFO - 添加图片: Image2.jpg
2025-09-18 15:11:27,766 - main_window - INFO - 添加图片: Image3.jpg
2025-09-18 15:11:27,767 - main_window - INFO - 添加图片: Image4.jpg
2025-09-18 15:11:27,767 - main_window - INFO - 添加图片: Image5.jpg
2025-09-18 15:11:27,767 - main_window - INFO - 添加图片: Image6.jpg
2025-09-18 15:11:27,767 - main_window - INFO - 添加图片: Image7.jpg
2025-09-18 15:11:27,768 - main_window - INFO - 添加图片: Image8.jpg
2025-09-18 15:11:27,768 - main_window - INFO - 添加图片: Image9.jpg
2025-09-18 15:11:27,769 - main_window - INFO - 添加图片: Image10.jpg
2025-09-18 15:11:27,769 - main_window - INFO - 添加图片: Image11.jpg
2025-09-18 15:11:27,769 - main_window - INFO - 添加图片: Image12.jpg
2025-09-18 15:11:27,769 - main_window - INFO - 添加图片: Image13.jpg
2025-09-18 15:11:27,770 - main_window - INFO - 添加图片: Image14.jpg
2025-09-18 15:11:28,843 - paramiko.transport - INFO - Connected (version 2.0, client OpenSSH_8.2p1)
2025-09-18 15:11:28,919 - paramiko.transport - INFO - Authentication (publickey) failed.
2025-09-18 15:11:28,945 - paramiko.transport - INFO - Authentication (password) successful!
2025-09-18 15:11:29,103 - paramiko.transport.sftp - INFO - [chan 0] Opened sftp connection (server version 3)
2025-09-18 15:11:29,104 - utils.ssh_client - INFO - 成功连接到服务器
2025-09-18 15:11:29,105 - utils.ssh_client - INFO - 目标远程文件夹路径: /home/sstl/Disk1/data/silicon/codes/api/upload/20250918_151128_27296560
2025-09-18 15:11:29,106 - utils.ssh_client - INFO - 成功创建远程文件夹: /home/sstl/Disk1/data/silicon/codes/api/upload/20250918_151128_27296560
2025-09-18 15:11:29,107 - utils.ssh_client - INFO - 正在检查本地文件夹: C:\Users\Administrator\Desktop\项目\analysis_system\temp\tmpe92cgtvg
2025-09-18 15:11:29,107 - utils.ssh_client - INFO - 文件夹是否存在: True
2025-09-18 15:11:29,108 - utils.ssh_client - INFO - 是否为目录: True
2025-09-18 15:11:29,108 - utils.ssh_client - INFO - 在 C:\Users\Administrator\Desktop\项目\analysis_system\temp\tmpe92cgtvg 中找到 15 个项目，准备开始传输...
2025-09-18 15:11:29,188 - utils.ssh_client - INFO - 传输完成！共 15 个文件成功上传到 /home/sstl/Disk1/data/silicon/codes/api/upload/20250918_151128_27296560
2025-09-18 15:11:32,533 - utils.ssh_client - INFO - 远程处理命令输出: 开始处理 process_id: 20250918_151128_27296560, 文件夹: /home/sstl/Disk1/data/silicon/codes/api/upload/20250918_151128_27296560
正在加载预训练模型...
load model: /home/sstl/Disk1/data/silicon/models/predgru/checkpoints-ontonet-3-weighted+sobel/model-best-2894.ckpt
正在从 /home/sstl/Disk1/data/silicon/codes/api/upload/20250918_151128_27296560 加载图片数据...
找到 15 张图片
生成了 1 个序列（每个序列15帧）
正在进行预测...
预测完成，结果已保存到: output/20250918_151128_27296560/prediction.jpg
✅ 预测成功!
处理ID: 20250918_151128_27296560
预测结果保存路径: output/20250918_151128_27296560/prediction.jpg
2025-09-18 15:11:32,584 - utils.ssh_client - INFO - 远程结果文件已生成: /home/sstl/Disk1/data/silicon/codes/api/output/20250918_151128_27296560/prediction.jpg
2025-09-18 15:11:32,585 - utils.ssh_client - INFO - 准备下载文件: /home/sstl/Disk1/data/silicon/codes/api/output/20250918_151128_27296560/prediction.jpg -> download\20250918_151128_27296560\prediction.jpg
2025-09-18 15:11:32,635 - utils.ssh_client - INFO - 成功下载结果文件: download\20250918_151128_27296560\prediction.jpg
2025-09-18 15:11:32,636 - paramiko.transport.sftp - INFO - [chan 0] sftp session closed.
2025-09-18 15:11:32,637 - utils.ssh_client - INFO - SFTP连接已关闭
2025-09-18 15:11:32,637 - utils.ssh_client - INFO - SSH连接已关闭
2025-09-18 15:11:32,644 - paramiko.transport.sftp - INFO - [chan 0] sftp session closed.
2025-09-18 15:11:32,645 - utils.ssh_client - INFO - SFTP连接已关闭
2025-09-18 15:11:32,645 - utils.ssh_client - INFO - SSH连接已关闭
2025-09-18 15:13:53,383 - main_window - INFO - 环境变量配置检查通过
2025-09-18 15:13:53,530 - main_window - INFO - 界面初始化完成
2025-09-18 15:13:53,530 - main_window - INFO - 日志系统初始化完成
2025-09-18 15:13:59,212 - main_window - INFO - 添加图片: Image0.jpg
2025-09-18 15:13:59,213 - main_window - INFO - 添加图片: Image1.jpg
2025-09-18 15:13:59,214 - main_window - INFO - 添加图片: Image2.jpg
2025-09-18 15:13:59,214 - main_window - INFO - 添加图片: Image3.jpg
2025-09-18 15:13:59,214 - main_window - INFO - 添加图片: Image4.jpg
2025-09-18 15:13:59,214 - main_window - INFO - 添加图片: Image5.jpg
2025-09-18 15:13:59,215 - main_window - INFO - 添加图片: Image6.jpg
2025-09-18 15:13:59,215 - main_window - INFO - 添加图片: Image7.jpg
2025-09-18 15:13:59,216 - main_window - INFO - 添加图片: Image8.jpg
2025-09-18 15:13:59,216 - main_window - INFO - 添加图片: Image9.jpg
2025-09-18 15:13:59,216 - main_window - INFO - 添加图片: Image10.jpg
2025-09-18 15:13:59,217 - main_window - INFO - 添加图片: Image11.jpg
2025-09-18 15:13:59,217 - main_window - INFO - 添加图片: Image12.jpg
2025-09-18 15:13:59,217 - main_window - INFO - 添加图片: Image13.jpg
2025-09-18 15:13:59,217 - main_window - INFO - 添加图片: Image14.jpg
2025-09-18 15:14:00,362 - paramiko.transport - INFO - Connected (version 2.0, client OpenSSH_8.2p1)
2025-09-18 15:14:00,487 - paramiko.transport - INFO - Authentication (publickey) failed.
2025-09-18 15:14:00,513 - paramiko.transport - INFO - Authentication (password) successful!
2025-09-18 15:14:00,655 - paramiko.transport.sftp - INFO - [chan 0] Opened sftp connection (server version 3)
2025-09-18 15:14:00,657 - utils.ssh_client - INFO - 成功连接到服务器
2025-09-18 15:14:00,657 - utils.ssh_client - INFO - 目标远程文件夹路径: /home/sstl/Disk1/data/silicon/codes/api/upload/20250918_151400_4bc7ead2
2025-09-18 15:14:00,659 - utils.ssh_client - INFO - 成功创建远程文件夹: /home/sstl/Disk1/data/silicon/codes/api/upload/20250918_151400_4bc7ead2
2025-09-18 15:14:00,659 - utils.ssh_client - INFO - 正在检查本地文件夹: C:\Users\Administrator\Desktop\项目\analysis_system\temp\tmpe62qj0c4
2025-09-18 15:14:00,660 - utils.ssh_client - INFO - 文件夹是否存在: True
2025-09-18 15:14:00,660 - utils.ssh_client - INFO - 是否为目录: True
2025-09-18 15:14:00,661 - utils.ssh_client - INFO - 在 C:\Users\Administrator\Desktop\项目\analysis_system\temp\tmpe62qj0c4 中找到 15 个项目，准备开始传输...
2025-09-18 15:14:00,783 - utils.ssh_client - INFO - 传输完成！共 15 个文件成功上传到 /home/sstl/Disk1/data/silicon/codes/api/upload/20250918_151400_4bc7ead2
2025-09-18 15:14:04,163 - utils.ssh_client - INFO - 远程处理命令输出: 开始处理 process_id: 20250918_151400_4bc7ead2, 文件夹: /home/sstl/Disk1/data/silicon/codes/api/upload/20250918_151400_4bc7ead2
正在加载预训练模型...
load model: /home/sstl/Disk1/data/silicon/models/predgru/checkpoints-ontonet-3-weighted+sobel/model-best-2894.ckpt
正在从 /home/sstl/Disk1/data/silicon/codes/api/upload/20250918_151400_4bc7ead2 加载图片数据...
找到 15 张图片
生成了 1 个序列（每个序列15帧）
正在进行预测...
预测完成，结果已保存到: output/20250918_151400_4bc7ead2/prediction.jpg
✅ 预测成功!
处理ID: 20250918_151400_4bc7ead2
预测结果保存路径: output/20250918_151400_4bc7ead2/prediction.jpg
2025-09-18 15:14:04,210 - utils.ssh_client - INFO - 远程结果文件已生成: /home/sstl/Disk1/data/silicon/codes/api/output/20250918_151400_4bc7ead2/prediction.jpg
2025-09-18 15:14:04,211 - utils.ssh_client - INFO - 准备下载文件: /home/sstl/Disk1/data/silicon/codes/api/output/20250918_151400_4bc7ead2/prediction.jpg -> download\20250918_151400_4bc7ead2\prediction.jpg
2025-09-18 15:14:04,264 - utils.ssh_client - INFO - 成功下载结果文件: download\20250918_151400_4bc7ead2\prediction.jpg
2025-09-18 15:14:04,264 - paramiko.transport.sftp - INFO - [chan 0] sftp session closed.
2025-09-18 15:14:04,265 - utils.ssh_client - INFO - SFTP连接已关闭
2025-09-18 15:14:04,266 - utils.ssh_client - INFO - SSH连接已关闭
2025-09-18 15:14:04,266 - paramiko.transport.sftp - INFO - [chan 0] sftp session closed.
2025-09-18 15:14:04,266 - utils.ssh_client - INFO - SFTP连接已关闭
2025-09-18 15:14:04,267 - utils.ssh_client - INFO - SSH连接已关闭
2025-09-18 15:16:00,977 - main_window - INFO - 环境变量配置检查通过
2025-09-18 15:16:01,123 - main_window - INFO - 界面初始化完成
2025-09-18 15:16:01,123 - main_window - INFO - 日志系统初始化完成
2025-09-18 15:16:05,530 - main_window - INFO - 添加图片: Image0.jpg
2025-09-18 15:16:05,531 - main_window - INFO - 添加图片: Image1.jpg
2025-09-18 15:16:05,531 - main_window - INFO - 添加图片: Image2.jpg
2025-09-18 15:16:05,531 - main_window - INFO - 添加图片: Image3.jpg
2025-09-18 15:16:05,532 - main_window - INFO - 添加图片: Image4.jpg
2025-09-18 15:16:05,532 - main_window - INFO - 添加图片: Image5.jpg
2025-09-18 15:16:05,532 - main_window - INFO - 添加图片: Image6.jpg
2025-09-18 15:16:05,532 - main_window - INFO - 添加图片: Image7.jpg
2025-09-18 15:16:05,533 - main_window - INFO - 添加图片: Image8.jpg
2025-09-18 15:16:05,533 - main_window - INFO - 添加图片: Image9.jpg
2025-09-18 15:16:05,534 - main_window - INFO - 添加图片: Image10.jpg
2025-09-18 15:16:05,534 - main_window - INFO - 添加图片: Image11.jpg
2025-09-18 15:16:05,534 - main_window - INFO - 添加图片: Image12.jpg
2025-09-18 15:16:05,534 - main_window - INFO - 添加图片: Image13.jpg
2025-09-18 15:16:05,535 - main_window - INFO - 添加图片: Image14.jpg
2025-09-18 15:16:06,622 - paramiko.transport - INFO - Connected (version 2.0, client OpenSSH_8.2p1)
2025-09-18 15:16:06,698 - paramiko.transport - INFO - Authentication (publickey) failed.
2025-09-18 15:16:06,712 - paramiko.transport - INFO - Authentication (password) successful!
2025-09-18 15:16:06,883 - paramiko.transport.sftp - INFO - [chan 0] Opened sftp connection (server version 3)
2025-09-18 15:16:06,884 - utils.ssh_client - INFO - 成功连接到服务器
2025-09-18 15:16:06,884 - utils.ssh_client - INFO - 目标远程文件夹路径: /home/sstl/Disk1/data/silicon/codes/api/upload/20250918_151606_d7254f9c
2025-09-18 15:16:06,886 - utils.ssh_client - INFO - 成功创建远程文件夹: /home/sstl/Disk1/data/silicon/codes/api/upload/20250918_151606_d7254f9c
2025-09-18 15:16:06,886 - utils.ssh_client - INFO - 正在检查本地文件夹: C:\Users\Administrator\Desktop\项目\analysis_system\temp\tmpnn3ex64p
2025-09-18 15:16:06,887 - utils.ssh_client - INFO - 文件夹是否存在: True
2025-09-18 15:16:06,887 - utils.ssh_client - INFO - 是否为目录: True
2025-09-18 15:16:06,887 - utils.ssh_client - INFO - 在 C:\Users\Administrator\Desktop\项目\analysis_system\temp\tmpnn3ex64p 中找到 15 个项目，准备开始传输...
2025-09-18 15:16:06,962 - utils.ssh_client - INFO - 传输完成！共 15 个文件成功上传到 /home/sstl/Disk1/data/silicon/codes/api/upload/20250918_151606_d7254f9c
2025-09-18 15:16:10,314 - utils.ssh_client - INFO - 远程处理命令输出: 开始处理 process_id: 20250918_151606_d7254f9c, 文件夹: /home/sstl/Disk1/data/silicon/codes/api/upload/20250918_151606_d7254f9c
正在加载预训练模型...
load model: /home/sstl/Disk1/data/silicon/models/predgru/checkpoints-ontonet-3-weighted+sobel/model-best-2894.ckpt
正在从 /home/sstl/Disk1/data/silicon/codes/api/upload/20250918_151606_d7254f9c 加载图片数据...
找到 15 张图片
生成了 1 个序列（每个序列15帧）
正在进行预测...
预测完成，结果已保存到: output/20250918_151606_d7254f9c/prediction.jpg
✅ 预测成功!
处理ID: 20250918_151606_d7254f9c
预测结果保存路径: output/20250918_151606_d7254f9c/prediction.jpg
2025-09-18 15:16:10,364 - utils.ssh_client - INFO - 远程结果文件已生成: /home/sstl/Disk1/data/silicon/codes/api/output/20250918_151606_d7254f9c/prediction.jpg
2025-09-18 15:16:10,365 - utils.ssh_client - INFO - 准备下载文件: /home/sstl/Disk1/data/silicon/codes/api/output/20250918_151606_d7254f9c/prediction.jpg -> download\20250918_151606_d7254f9c\prediction.jpg
2025-09-18 15:16:10,413 - utils.ssh_client - INFO - 成功下载结果文件: download\20250918_151606_d7254f9c\prediction.jpg
2025-09-18 15:16:10,414 - paramiko.transport.sftp - INFO - [chan 0] sftp session closed.
2025-09-18 15:16:10,414 - utils.ssh_client - INFO - SFTP连接已关闭
2025-09-18 15:16:10,415 - utils.ssh_client - INFO - SSH连接已关闭
2025-09-18 15:17:42,964 - main_window - INFO - 环境变量配置检查通过
2025-09-18 15:17:43,115 - main_window - INFO - 界面初始化完成
2025-09-18 15:17:43,115 - main_window - INFO - 日志系统初始化完成
2025-09-18 15:17:43,163 - main_window - INFO - 应用程序启动成功
2025-09-18 15:17:47,105 - main_window - INFO - 添加图片: Image0.jpg
2025-09-18 15:17:47,106 - main_window - INFO - 添加图片: Image1.jpg
2025-09-18 15:17:47,106 - main_window - INFO - 添加图片: Image2.jpg
2025-09-18 15:17:47,106 - main_window - INFO - 添加图片: Image3.jpg
2025-09-18 15:17:47,107 - main_window - INFO - 添加图片: Image4.jpg
2025-09-18 15:17:47,107 - main_window - INFO - 添加图片: Image5.jpg
2025-09-18 15:17:47,107 - main_window - INFO - 添加图片: Image6.jpg
2025-09-18 15:17:47,108 - main_window - INFO - 添加图片: Image7.jpg
2025-09-18 15:17:47,108 - main_window - INFO - 添加图片: Image8.jpg
2025-09-18 15:17:47,108 - main_window - INFO - 添加图片: Image9.jpg
2025-09-18 15:17:47,109 - main_window - INFO - 添加图片: Image10.jpg
2025-09-18 15:17:47,109 - main_window - INFO - 添加图片: Image11.jpg
2025-09-18 15:17:47,109 - main_window - INFO - 添加图片: Image12.jpg
2025-09-18 15:17:47,110 - main_window - INFO - 添加图片: Image13.jpg
2025-09-18 15:17:47,110 - main_window - INFO - 添加图片: Image14.jpg
2025-09-18 15:17:47,862 - paramiko.transport - INFO - Connected (version 2.0, client OpenSSH_8.2p1)
2025-09-18 15:17:47,930 - paramiko.transport - INFO - Authentication (publickey) failed.
2025-09-18 15:17:47,956 - paramiko.transport - INFO - Authentication (password) successful!
2025-09-18 15:17:48,094 - paramiko.transport.sftp - INFO - [chan 0] Opened sftp connection (server version 3)
2025-09-18 15:17:48,096 - utils.ssh_client - INFO - 成功连接到服务器
2025-09-18 15:17:48,096 - utils.ssh_client - INFO - 目标远程文件夹路径: /home/sstl/Disk1/data/silicon/codes/api/upload/20250918_151747_14f010f2
2025-09-18 15:17:48,098 - utils.ssh_client - INFO - 成功创建远程文件夹: /home/sstl/Disk1/data/silicon/codes/api/upload/20250918_151747_14f010f2
2025-09-18 15:17:48,098 - utils.ssh_client - INFO - 正在检查本地文件夹: C:\Users\Administrator\Desktop\项目\analysis_system\temp\tmpj07au8tt
2025-09-18 15:17:48,099 - utils.ssh_client - INFO - 文件夹是否存在: True
2025-09-18 15:17:48,099 - utils.ssh_client - INFO - 是否为目录: True
2025-09-18 15:17:48,100 - utils.ssh_client - INFO - 在 C:\Users\Administrator\Desktop\项目\analysis_system\temp\tmpj07au8tt 中找到 15 个项目，准备开始传输...
2025-09-18 15:17:48,177 - utils.ssh_client - INFO - 传输完成！共 15 个文件成功上传到 /home/sstl/Disk1/data/silicon/codes/api/upload/20250918_151747_14f010f2
2025-09-18 15:17:51,562 - utils.ssh_client - INFO - 远程处理命令输出: 开始处理 process_id: 20250918_151747_14f010f2, 文件夹: /home/sstl/Disk1/data/silicon/codes/api/upload/20250918_151747_14f010f2
正在加载预训练模型...
load model: /home/sstl/Disk1/data/silicon/models/predgru/checkpoints-ontonet-3-weighted+sobel/model-best-2894.ckpt
正在从 /home/sstl/Disk1/data/silicon/codes/api/upload/20250918_151747_14f010f2 加载图片数据...
找到 15 张图片
生成了 1 个序列（每个序列15帧）
正在进行预测...
预测完成，结果已保存到: output/20250918_151747_14f010f2/prediction.jpg
✅ 预测成功!
处理ID: 20250918_151747_14f010f2
预测结果保存路径: output/20250918_151747_14f010f2/prediction.jpg
2025-09-18 15:17:51,611 - utils.ssh_client - INFO - 远程结果文件已生成: /home/sstl/Disk1/data/silicon/codes/api/output/20250918_151747_14f010f2/prediction.jpg
2025-09-18 15:17:51,613 - utils.ssh_client - INFO - 准备下载文件: /home/sstl/Disk1/data/silicon/codes/api/output/20250918_151747_14f010f2/prediction.jpg -> download\20250918_151747_14f010f2\prediction.jpg
2025-09-18 15:17:51,662 - utils.ssh_client - INFO - 成功下载结果文件: download\20250918_151747_14f010f2\prediction.jpg
2025-09-18 15:17:51,663 - paramiko.transport.sftp - INFO - [chan 0] sftp session closed.
2025-09-18 15:17:51,663 - utils.ssh_client - INFO - SFTP连接已关闭
2025-09-18 15:17:51,664 - utils.ssh_client - INFO - SSH连接已关闭
2025-09-18 15:17:51,664 - main_window - INFO - 开始清理资源
2025-09-18 15:17:51,664 - main_window - INFO - SSH连接已经关闭
2025-09-18 15:17:51,665 - main_window - INFO - 开始显示结果图片: download\20250918_151747_14f010f2\prediction.jpg
2025-09-18 15:17:51,665 - main_window - INFO - 准备清理临时目录: C:\Users\Administrator\Desktop\项目\analysis_system\temp\tmpj07au8tt
2025-09-18 15:17:51,666 - main_window - INFO - 图片加载成功: 800x100
2025-09-18 15:17:51,667 - main_window - INFO - 标签尺寸: 558x514
2025-09-18 15:17:51,667 - main_window - INFO - 图片缩放成功
2025-09-18 15:17:51,668 - main_window - INFO - 显示结果图片: prediction.jpg (尺寸: 800x100)
2025-09-18 15:17:51,668 - main_window - INFO - 处理完成回调执行成功: download\20250918_151747_14f010f2\prediction.jpg
2025-09-18 15:17:52,672 - main_window - INFO - 清理临时目录完成
2025-09-18 15:17:52,673 - main_window - INFO - 资源清理完成
2025-09-18 15:18:00,191 - paramiko.transport - INFO - Connected (version 2.0, client OpenSSH_8.2p1)
2025-09-18 15:18:00,257 - paramiko.transport - INFO - Authentication (publickey) failed.
2025-09-18 15:18:00,283 - paramiko.transport - INFO - Authentication (password) successful!
2025-09-18 15:18:00,444 - paramiko.transport.sftp - INFO - [chan 0] Opened sftp connection (server version 3)
2025-09-18 15:18:00,445 - utils.ssh_client - INFO - 成功连接到服务器
2025-09-18 15:18:00,446 - utils.ssh_client - INFO - 目标远程文件夹路径: /home/sstl/Disk1/data/silicon/codes/api/upload/20250918_151800_37edfae1
2025-09-18 15:18:00,447 - utils.ssh_client - INFO - 成功创建远程文件夹: /home/sstl/Disk1/data/silicon/codes/api/upload/20250918_151800_37edfae1
2025-09-18 15:18:00,448 - utils.ssh_client - INFO - 正在检查本地文件夹: C:\Users\Administrator\Desktop\项目\analysis_system\temp\tmpj036f762
2025-09-18 15:18:00,448 - utils.ssh_client - INFO - 文件夹是否存在: True
2025-09-18 15:18:00,448 - utils.ssh_client - INFO - 是否为目录: True
2025-09-18 15:18:00,449 - utils.ssh_client - INFO - 在 C:\Users\Administrator\Desktop\项目\analysis_system\temp\tmpj036f762 中找到 15 个项目，准备开始传输...
2025-09-18 15:18:00,525 - utils.ssh_client - INFO - 传输完成！共 15 个文件成功上传到 /home/sstl/Disk1/data/silicon/codes/api/upload/20250918_151800_37edfae1
2025-09-18 15:18:03,901 - utils.ssh_client - INFO - 远程处理命令输出: 开始处理 process_id: 20250918_151800_37edfae1, 文件夹: /home/sstl/Disk1/data/silicon/codes/api/upload/20250918_151800_37edfae1
正在加载预训练模型...
load model: /home/sstl/Disk1/data/silicon/models/predgru/checkpoints-ontonet-3-weighted+sobel/model-best-2894.ckpt
正在从 /home/sstl/Disk1/data/silicon/codes/api/upload/20250918_151800_37edfae1 加载图片数据...
找到 15 张图片
生成了 1 个序列（每个序列15帧）
正在进行预测...
预测完成，结果已保存到: output/20250918_151800_37edfae1/prediction.jpg
✅ 预测成功!
处理ID: 20250918_151800_37edfae1
预测结果保存路径: output/20250918_151800_37edfae1/prediction.jpg
2025-09-18 15:18:03,951 - utils.ssh_client - INFO - 远程结果文件已生成: /home/sstl/Disk1/data/silicon/codes/api/output/20250918_151800_37edfae1/prediction.jpg
2025-09-18 15:18:03,952 - utils.ssh_client - INFO - 准备下载文件: /home/sstl/Disk1/data/silicon/codes/api/output/20250918_151800_37edfae1/prediction.jpg -> download\20250918_151800_37edfae1\prediction.jpg
2025-09-18 15:18:04,001 - utils.ssh_client - INFO - 成功下载结果文件: download\20250918_151800_37edfae1\prediction.jpg
2025-09-18 15:18:04,002 - paramiko.transport.sftp - INFO - [chan 0] sftp session closed.
2025-09-18 15:18:04,002 - utils.ssh_client - INFO - SFTP连接已关闭
2025-09-18 15:18:04,003 - utils.ssh_client - INFO - SSH连接已关闭
2025-09-18 15:18:04,003 - main_window - INFO - 开始清理资源
2025-09-18 15:18:04,004 - main_window - INFO - SSH连接已经关闭
2025-09-18 15:18:04,004 - main_window - INFO - 准备清理临时目录: C:\Users\Administrator\Desktop\项目\analysis_system\temp\tmpj036f762
2025-09-18 15:18:05,438 - main_window - INFO - 清理临时目录完成
2025-09-18 15:24:54,851 - __main__ - INFO - 环境变量配置检查通过
2025-09-18 15:24:55,034 - __main__ - INFO - 界面初始化完成
2025-09-18 15:24:55,034 - __main__ - INFO - 线程安全的日志系统初始化完成
